{
"type": "FeatureCollection",
"name": "rezerwaty",
"crs": { "type": "name", "properties": { "name": "urn:ogc:def:crs:OGC:1.3:CRS84" } },
"features": [
{ "type": "Feature", "properties": { "name": "Cicha Dolina" }, "geometry": { "type": "MultiPolygon", "coordinates": [ [ [ [ 17.446530204149351, 50.263089679931674 ], [ 17.446134077509253, 50.262623920820651 ], [ 17.446051395548473, 50.262610723864853 ], [ 17.44710679534527, 50.263867989768968 ], [ 17.447520037098119, 50.264092675208126 ], [ 17.447359950265295, 50.263910344678017 ], [ 17.447142841678716, 50.263842573376728 ], [ 17.447022096291107, 50.26357816354713 ], [ 17.446832563217757, 50.263481437566568 ], [ 17.446798316718276, 50.263273982357063 ], [ 17.446530204149351, 50.263089679931674 ] ] ], [ [ [ 17.447859889519496, 50.264119158731823 ], [ 17.447520037098119, 50.264092675208126 ], [ 17.447641667449318, 50.264154795409056 ], [ 17.448035189568063, 50.264288802846835 ], [ 17.448407441859132, 50.264493978176709 ], [ 17.448189198340728, 50.264271579463525 ], [ 17.448000682388894, 50.264236887852945 ], [ 17.447859889519496, 50.264119158731823 ] ] ], [ [ [ 17.452830027965316, 50.26926242408905 ], [ 17.452937757002093, 50.269161002430359 ], [ 17.452521538301507, 50.268623478495321 ], [ 17.452472248005925, 50.268662473200656 ], [ 17.452481521313569, 50.269905288707953 ], [ 17.452686005676142, 50.269801050360826 ], [ 17.452693239188449, 50.269559150901927 ], [ 17.452830027965316, 50.26926242408905 ] ] ], [ [ [ 17.452370618612392, 50.27160044040199 ], [ 17.452242103130231, 50.271463759084831 ], [ 17.452440900866218, 50.272026036337863 ], [ 17.452593579146534, 50.272014330181435 ], [ 17.452606931632204, 50.27189463561313 ], [ 17.452368226355006, 50.271795556464085 ], [ 17.452370618612392, 50.27160044040199 ] ] ], [ [ [ 17.449669457373421, 50.265583227310309 ], [ 17.449658106567636, 50.265489804001483 ], [ 17.449563348827773, 50.265390825003486 ], [ 17.449516840069471, 50.265411274615452 ], [ 17.449554182322757, 50.265481507861367 ], [ 17.449995004073173, 50.26618789873298 ], [ 17.450303092061656, 50.266405378354428 ], [ 17.45015326405909, 50.266258757836347 ], [ 17.450035177559609, 50.265816309864782 ], [ 17.449669457373421, 50.265583227310309 ] ] ], [ [ [ 17.450564371391124, 50.266436696978886 ], [ 17.450303092061656, 50.266405378354428 ], [ 17.452018875372275, 50.267709828706465 ], [ 17.452316570978045, 50.267873776597533 ], [ 17.452309893440574, 50.267664699900628 ], [ 17.451382221967965, 50.267038934366688 ], [ 17.451163111216747, 50.26676529866419 ], [ 17.450760678142757, 50.266603496193127 ], [ 17.450564371391124, 50.266436696978886 ] ] ], [ [ [ 17.451899604722431, 50.274026106291643 ], [ 17.451846729540964, 50.274184643646613 ], [ 17.451793393426161, 50.274344532054066 ], [ 17.451800346052334, 50.27455126480055 ], [ 17.451803040838726, 50.274631392558327 ], [ 17.451788660355703, 50.274754458840555 ], [ 17.451673140615767, 50.27503639837591 ], [ 17.45154021484004, 50.275406664613151 ], [ 17.451356640854097, 50.275559170504337 ], [ 17.451042427357496, 50.27582020347419 ], [ 17.450755080421885, 50.276058913748827 ], [ 17.450536329656277, 50.276240636409838 ], [ 17.450415693961276, 50.27634085123178 ], [ 17.450359742333681, 50.276391194049843 ], [ 17.451887039813961, 50.276694558046138 ], [ 17.451934827771453, 50.276649101157467 ], [ 17.4519729758455, 50.276614765365217 ], [ 17.451994344085254, 50.27657434460442 ], [ 17.452046538251164, 50.276481122378726 ], [ 17.452133803082017, 50.276251261524877 ], [ 17.452501722259992, 50.2759411044239 ], [ 17.453282679267048, 50.275113689183229 ], [ 17.453430078635503, 50.274855645280198 ], [ 17.453887638081653, 50.274283059309752 ], [ 17.453968901349626, 50.274107014690046 ], [ 17.453991466776749, 50.274054893156311 ], [ 17.454163003404915, 50.273696165847745 ], [ 17.454724128393053, 50.273152006183849 ], [ 17.454841684849189, 50.27303315980285 ], [ 17.45554145121352, 50.272085536900725 ], [ 17.455594254407576, 50.272021517994133 ], [ 17.45621426773226, 50.271659106109908 ], [ 17.457035043306607, 50.271265738526473 ], [ 17.457303083254867, 50.271018466616418 ], [ 17.45739728892632, 50.270862277695592 ], [ 17.45741173504544, 50.270550202530423 ], [ 17.457285329649118, 50.270371252895934 ], [ 17.456927337762739, 50.270101268362822 ], [ 17.456765376151136, 50.269960784498899 ], [ 17.456000081429966, 50.269799650632436 ], [ 17.455952877123224, 50.269683682833858 ], [ 17.455779120601466, 50.269632583978954 ], [ 17.45560259556807, 50.269476450215521 ], [ 17.455837661402022, 50.268848194728498 ], [ 17.455697450203097, 50.268512891521169 ], [ 17.455887369400354, 50.26829222034015 ], [ 17.4562009022866, 50.268166917289477 ], [ 17.456363847445736, 50.267966590643425 ], [ 17.456506581830315, 50.26657961057446 ], [ 17.456427994057446, 50.266279829381311 ], [ 17.455526248676069, 50.265231712979549 ], [ 17.454903024087244, 50.264466703849052 ], [ 17.454715017671262, 50.264310730501172 ], [ 17.45451235388715, 50.26409102412115 ], [ 17.453634488814654, 50.263370629818532 ], [ 17.453112640588511, 50.262922743722193 ], [ 17.451523003434946, 50.261460566329809 ], [ 17.451294412712272, 50.261180430434763 ], [ 17.450965656208862, 50.260447753664636 ], [ 17.450397622595172, 50.258860410155528 ], [ 17.450311161686844, 50.258804357084884 ], [ 17.449439474809285, 50.259440494466695 ], [ 17.448889876915011, 50.259706742222129 ], [ 17.44561754693499, 50.261998943114413 ], [ 17.445636751223706, 50.262059057405594 ], [ 17.446022152628153, 50.262571995907521 ], [ 17.446185570287028, 50.26259930658253 ], [ 17.446595907676013, 50.263075751334746 ], [ 17.446861162095569, 50.263257378725676 ], [ 17.446877043211813, 50.263456861575477 ], [ 17.447066484454375, 50.263548192558659 ], [ 17.447197197256461, 50.263821532673738 ], [ 17.447405811844959, 50.263883958910931 ], [ 17.447562948471095, 50.26405821958781 ], [ 17.447905698053535, 50.264090075272655 ], [ 17.448052101784828, 50.264207768047903 ], [ 17.448241985067593, 50.264240649922051 ], [ 17.448547677936116, 50.264577538896049 ], [ 17.449306112128042, 50.264981504622384 ], [ 17.44940212492213, 50.265181978058429 ], [ 17.449481488561236, 50.265240146917172 ], [ 17.44960499620754, 50.265365002820374 ], [ 17.449705445612359, 50.265467901752956 ], [ 17.449725493092579, 50.265578349870907 ], [ 17.450078312088337, 50.265795340596867 ], [ 17.450192098376117, 50.26623242764402 ], [ 17.45035854709916, 50.266374253692241 ], [ 17.450591852119643, 50.26640234712773 ], [ 17.450795300517832, 50.266576282780257 ], [ 17.451190570292852, 50.26672915040988 ], [ 17.451411158448209, 50.267007270457512 ], [ 17.452354541655943, 50.267650012508909 ], [ 17.452364621754079, 50.267903663668896 ], [ 17.452703968161881, 50.268084592624049 ], [ 17.452751092573269, 50.268389962435108 ], [ 17.452558821084967, 50.268588158400057 ], [ 17.453008315236577, 50.269152433599857 ], [ 17.452869493273077, 50.26929129052823 ], [ 17.452738532675404, 50.269575205959647 ], [ 17.452732721068049, 50.269817903305785 ], [ 17.452489669153266, 50.26994830312475 ], [ 17.452510653886335, 50.271160748649258 ], [ 17.452276100385962, 50.271441136602803 ], [ 17.452414171859377, 50.271595925418957 ], [ 17.452426968448712, 50.271785269015687 ], [ 17.452673656609527, 50.27187449575419 ], [ 17.452645049915642, 50.272003244160864 ], [ 17.452593579146534, 50.272014330181435 ], [ 17.452516631850759, 50.272032848456682 ], [ 17.452369300400662, 50.272537257512766 ], [ 17.45255066879621, 50.272734740624507 ], [ 17.452471976600453, 50.273064332266799 ], [ 17.452286534467284, 50.273307468854561 ], [ 17.452357196159742, 50.273763725119224 ], [ 17.4519013372615, 50.274025726094841 ], [ 17.451899604722431, 50.274026106291643 ] ] ] ] } },
{ "type": "Feature", "properties": { "name": "Olszak" }, "geometry": { "type": "MultiPolygon", "coordinates": [ [ [ [ 17.455062558874385, 50.288091878500552 ], [ 17.455352492945984, 50.288001343236715 ], [ 17.455382672737873, 50.287992202280762 ], [ 17.45533804495911, 50.287988823342197 ], [ 17.455215035151451, 50.287979475100769 ], [ 17.454512401615503, 50.288114530200843 ], [ 17.453587648877985, 50.288201731254432 ], [ 17.453092921210477, 50.288121382854399 ], [ 17.452655267785175, 50.28791989865492 ], [ 17.452544998578258, 50.288023681389937 ], [ 17.45188639329475, 50.287885015012826 ], [ 17.451414425253731, 50.287789491438289 ], [ 17.451072695039972, 50.287820775522043 ], [ 17.451297900943683, 50.287850195948501 ], [ 17.451847393889089, 50.288007129496599 ], [ 17.451848526852512, 50.288007473704177 ], [ 17.452069846381669, 50.288078605264197 ], [ 17.452493512195812, 50.288268484112031 ], [ 17.453600677121766, 50.288318372423944 ], [ 17.455062558874385, 50.288091878500552 ] ] ], [ [ [ 17.44885156534685, 50.288505567712761 ], [ 17.448413365946074, 50.288714323009778 ], [ 17.448383870239581, 50.28893506840609 ], [ 17.448259538591621, 50.289277017881957 ], [ 17.448171193900407, 50.289520086687411 ], [ 17.448055528285071, 50.289781966056076 ], [ 17.448794869247266, 50.289494338181925 ], [ 17.448916156007872, 50.289447150484136 ], [ 17.448826108347319, 50.289001283103268 ], [ 17.448810669537412, 50.288924715054463 ], [ 17.448810591692279, 50.288924100267877 ], [ 17.448809638402743, 50.288919601182457 ], [ 17.448809078930157, 50.288916826499502 ], [ 17.44882010246565, 50.288912206989501 ], [ 17.449083910345951, 50.288801647756344 ], [ 17.449084117487125, 50.288801560761513 ], [ 17.449084981183145, 50.288801209511277 ], [ 17.44908556638141, 50.288800985443132 ], [ 17.449165049955049, 50.288762515232769 ], [ 17.44885156534685, 50.288505567712761 ] ] ], [ [ [ 17.451145532197678, 50.289034156903647 ], [ 17.451645408963525, 50.289061783572798 ], [ 17.453251338751574, 50.289222618469054 ], [ 17.453448694629778, 50.289350839861569 ], [ 17.454090379683148, 50.289366303102618 ], [ 17.454736698155088, 50.289381828141451 ], [ 17.454747672708727, 50.289242522449321 ], [ 17.455855785959532, 50.289316718937165 ], [ 17.457418267743638, 50.288676464516705 ], [ 17.45886319160028, 50.289070084611708 ], [ 17.460964244423842, 50.289654744284412 ], [ 17.461252869851283, 50.289701389281078 ], [ 17.461257087097891, 50.289692593871074 ], [ 17.461650123832307, 50.289641240789521 ], [ 17.461589588039402, 50.289466596963344 ], [ 17.461434886949359, 50.289020386635507 ], [ 17.461316415384442, 50.288793634293604 ], [ 17.461325309031714, 50.288733901529859 ], [ 17.46134180330052, 50.288622644186077 ], [ 17.460428671955395, 50.288471653092913 ], [ 17.459736433297504, 50.288397006308863 ], [ 17.458614740256021, 50.288151761196147 ], [ 17.458135251671063, 50.288118985509492 ], [ 17.45811835161248, 50.288385042602741 ], [ 17.457402569406735, 50.288396853307937 ], [ 17.457152277535382, 50.288307755027645 ], [ 17.457182673320919, 50.288202893722925 ], [ 17.457315936183399, 50.287963102629405 ], [ 17.457337567164512, 50.287862614831582 ], [ 17.455778056528679, 50.28802231002193 ], [ 17.455484406700837, 50.287999949262201 ], [ 17.455448437722819, 50.288011407220502 ], [ 17.455414057985941, 50.288022144006177 ], [ 17.455377065895412, 50.288033695032723 ], [ 17.455081684130473, 50.288125933146176 ], [ 17.453605417728951, 50.288354655092597 ], [ 17.452481824566313, 50.288304024306022 ], [ 17.45172160866986, 50.28826974898265 ], [ 17.451387120601851, 50.288279281499143 ], [ 17.451153494491411, 50.288233807457807 ], [ 17.451055023548584, 50.288267523799838 ], [ 17.450572886745675, 50.288559008462599 ], [ 17.450570894955835, 50.288560104490067 ], [ 17.449593346255014, 50.289049044538139 ], [ 17.449452790518354, 50.289199587533808 ], [ 17.449672226663374, 50.28959968478447 ], [ 17.44967174953959, 50.289675108389027 ], [ 17.449777258262547, 50.289889967525383 ], [ 17.449777451685343, 50.289890312607895 ], [ 17.449821735182731, 50.289882065514533 ], [ 17.449826608499215, 50.289881716907246 ], [ 17.449960265132791, 50.289325241158863 ], [ 17.450461496714095, 50.289311052117071 ], [ 17.451076865804485, 50.289137878230356 ], [ 17.451145532197678, 50.289034156903647 ] ] ], [ [ [ 17.444746985175996, 50.28976717549542 ], [ 17.444708012209539, 50.289442952833873 ], [ 17.444455183215215, 50.289439533133155 ], [ 17.444160218550095, 50.289435533808394 ], [ 17.444109706068822, 50.28943485172708 ], [ 17.444059796889235, 50.289434181499708 ], [ 17.443468162836556, 50.289211400292714 ], [ 17.443200211204093, 50.289141490601686 ], [ 17.444761472900787, 50.289869245026686 ], [ 17.444746985175996, 50.28976717549542 ] ] ], [ [ [ 17.449400382417434, 50.288953670291484 ], [ 17.44954838359784, 50.289027112407346 ], [ 17.449550529280124, 50.289024814255768 ], [ 17.450535300255716, 50.288532262099025 ], [ 17.450535343588676, 50.288532237543002 ], [ 17.451019209296106, 50.288239706112968 ], [ 17.451021937434465, 50.288238056751716 ], [ 17.451147550794428, 50.288195046871074 ], [ 17.451394238174302, 50.288243063250157 ], [ 17.45172072372382, 50.288233758780727 ], [ 17.451722334470386, 50.288233712873563 ], [ 17.45172394284106, 50.288233785394475 ], [ 17.452384527346638, 50.288263569011171 ], [ 17.452348055372823, 50.288247230419714 ], [ 17.452038781558382, 50.288108708952954 ], [ 17.451823986833713, 50.288039837755882 ], [ 17.451280801832343, 50.287884700669302 ], [ 17.450966443608134, 50.287843609179227 ], [ 17.45090747425321, 50.287835900472288 ], [ 17.450408098746472, 50.287881613749413 ], [ 17.449826475336732, 50.288379235144163 ], [ 17.44919068210595, 50.288783524452654 ], [ 17.449106810162966, 50.288824295821428 ], [ 17.448988529974532, 50.28887386504995 ], [ 17.448854211224244, 50.288930157722206 ], [ 17.448950645522707, 50.289407619431479 ], [ 17.448954285590982, 50.289425653448703 ], [ 17.44895968570502, 50.289452395127427 ], [ 17.44896144497973, 50.289461101406665 ], [ 17.448950135474565, 50.289465499635085 ], [ 17.448949733342232, 50.289465658826508 ], [ 17.448038692602246, 50.289820083592275 ], [ 17.448021277071646, 50.289859513888523 ], [ 17.447297095008491, 50.289906196625111 ], [ 17.447261516851043, 50.290106341892717 ], [ 17.447874720707706, 50.290207902659041 ], [ 17.448143812042868, 50.290194939002411 ], [ 17.448512756139735, 50.290125833569412 ], [ 17.449723497667627, 50.289900360654251 ], [ 17.449721163312468, 50.28989562708739 ], [ 17.449615554381484, 50.289680563329497 ], [ 17.449616027714768, 50.289605751322789 ], [ 17.449391076286936, 50.289195597042564 ], [ 17.449393055758744, 50.289193476930045 ], [ 17.449113493857244, 50.289174167468595 ], [ 17.44906440680813, 50.288991709832459 ], [ 17.449400382417434, 50.288953670291484 ] ] ], [ [ [ 17.428986858408585, 50.287495515871605 ], [ 17.429065955297844, 50.287513652175463 ], [ 17.429105503657627, 50.287522729297521 ], [ 17.42957742690125, 50.287630984344688 ], [ 17.42980814289934, 50.287832925335202 ], [ 17.431043195232139, 50.28831469684571 ], [ 17.432210117244242, 50.288554333377675 ], [ 17.432606349913591, 50.288907933351354 ], [ 17.433016198708877, 50.28913062069465 ], [ 17.434258466905558, 50.289394016033327 ], [ 17.435601318032127, 50.28944580300098 ], [ 17.436613792895031, 50.289608385482445 ], [ 17.437435661951163, 50.289664602057293 ], [ 17.438288847216729, 50.289392531078072 ], [ 17.438803034317925, 50.289271867800608 ], [ 17.439302345679049, 50.289375531294354 ], [ 17.439920461753804, 50.289570464037965 ], [ 17.440494898988533, 50.289729274107103 ], [ 17.441053365518442, 50.28991480603964 ], [ 17.441751850986495, 50.289890353898691 ], [ 17.442706053964692, 50.290091929062427 ], [ 17.443084564603829, 50.290076714472825 ], [ 17.443537641499827, 50.290054986655484 ], [ 17.443883909669953, 50.290101750361337 ], [ 17.444074335096673, 50.290118368043785 ], [ 17.444298496100739, 50.290129086901139 ], [ 17.444469303000645, 50.290130011160926 ], [ 17.44504956630081, 50.2902144997921 ], [ 17.445170419760636, 50.290024211522066 ], [ 17.445187088040591, 50.28999797507921 ], [ 17.444662101554933, 50.28991623265793 ], [ 17.443100287958377, 50.289129953301519 ], [ 17.44303331429612, 50.289088427714972 ], [ 17.442599415898503, 50.288819438863761 ], [ 17.442494435359453, 50.288990991931357 ], [ 17.441964901359608, 50.288754655043881 ], [ 17.441704162603422, 50.288668377339079 ], [ 17.441097497594864, 50.288452254901223 ], [ 17.44111189972827, 50.288267392841554 ], [ 17.441074134344817, 50.288111841640777 ], [ 17.440788181427905, 50.288131100253821 ], [ 17.440093223463297, 50.288171612103191 ], [ 17.438291614177004, 50.288394541181006 ], [ 17.43788083258174, 50.288453189383809 ], [ 17.437642541104132, 50.288487235779996 ], [ 17.437058851542279, 50.288631814502807 ], [ 17.436498773945843, 50.288673218694917 ], [ 17.436278414096503, 50.288689511512388 ], [ 17.435912481492291, 50.288665933793013 ], [ 17.435430624859091, 50.288634896059179 ], [ 17.434830831211595, 50.288537722249544 ], [ 17.43476357679981, 50.288283639506339 ], [ 17.432597468273919, 50.287963696294398 ], [ 17.431674478977278, 50.287786555573412 ], [ 17.430816331566202, 50.287559754247141 ], [ 17.430557077293159, 50.28749124251609 ], [ 17.430301712763242, 50.287423747244347 ], [ 17.429862172728249, 50.287307688128465 ], [ 17.429648376502861, 50.287250662754772 ], [ 17.429440076868708, 50.287195210379295 ], [ 17.428939837473013, 50.287064896132463 ], [ 17.42891954539089, 50.287060265092194 ], [ 17.428528411415886, 50.286978145152865 ], [ 17.42828720398494, 50.286926502852012 ], [ 17.427959553918342, 50.286857442125758 ], [ 17.427857947304286, 50.287075957568334 ], [ 17.428986858408585, 50.287495515871605 ] ] ] ] } },
{ "type": "Feature", "properties": { "name": "Las Bukowy" }, "geometry": { "type": "Polygon", "coordinates": [ [ [ 17.370096738053451, 50.308816432501608 ], [ 17.37014325450324, 50.308696328647521 ], [ 17.370214252511719, 50.308513003528354 ], [ 17.370213660073347, 50.308507613406348 ], [ 17.370167205631134, 50.308084431562598 ], [ 17.370196679149565, 50.308027735499891 ], [ 17.370354764957661, 50.307723663472856 ], [ 17.370620247996666, 50.307445253221665 ], [ 17.370760647442335, 50.307298011424784 ], [ 17.371036168011607, 50.306836789087185 ], [ 17.371056416228939, 50.306802897009391 ], [ 17.371517545105206, 50.306373666955203 ], [ 17.372024649972218, 50.306196255391775 ], [ 17.373629724331423, 50.305860663960104 ], [ 17.374538383909638, 50.305773491155726 ], [ 17.374732119912569, 50.30580242866634 ], [ 17.375010803946019, 50.305860876263985 ], [ 17.376021273438131, 50.306039643128969 ], [ 17.376088462607889, 50.306064046407791 ], [ 17.376181040789426, 50.306096564773142 ], [ 17.37628819087541, 50.306146348358517 ], [ 17.376496203212128, 50.306294592847919 ], [ 17.376712883125649, 50.306421565387183 ], [ 17.376835072761523, 50.306491215765831 ], [ 17.377036801650551, 50.306547431893719 ], [ 17.3771331563782, 50.306597546410451 ], [ 17.377272988713734, 50.306645242198933 ], [ 17.377388092799315, 50.306682389989234 ], [ 17.377512361057516, 50.306721726306414 ], [ 17.377654551357999, 50.306757984065491 ], [ 17.377813084601364, 50.306826244495937 ], [ 17.377954767488585, 50.306875543548891 ], [ 17.378225708755302, 50.306950574285239 ], [ 17.378308670410572, 50.306922193517131 ], [ 17.378378716346866, 50.306949724527406 ], [ 17.378418870670135, 50.30700620844717 ], [ 17.379014860960954, 50.307206643563156 ], [ 17.379355185484716, 50.30730255080303 ], [ 17.379460627934854, 50.307350003798732 ], [ 17.379760756889034, 50.307292867266852 ], [ 17.380093274005564, 50.30721386496181 ], [ 17.380329251036525, 50.307175639764345 ], [ 17.38062605718665, 50.307022677908911 ], [ 17.380646182958312, 50.30701230687194 ], [ 17.380672584674837, 50.307012648508575 ], [ 17.380920129803336, 50.307015835102426 ], [ 17.380904283246277, 50.306923420463718 ], [ 17.380897864957713, 50.306915522010961 ], [ 17.380485787757848, 50.306408218086041 ], [ 17.38047877526942, 50.306394779919145 ], [ 17.380394852198101, 50.306233902776462 ], [ 17.380258719069786, 50.305972934585213 ], [ 17.379997756012362, 50.305655189127698 ], [ 17.379877821684005, 50.305614300201093 ], [ 17.379536566223948, 50.305530985130758 ], [ 17.379289412940757, 50.30549726044304 ], [ 17.378833974515473, 50.305456808133272 ], [ 17.378564496754695, 50.30545108956575 ], [ 17.377906632471088, 50.305373667487437 ], [ 17.377671680868126, 50.30530147575557 ], [ 17.37755840462615, 50.305236446094604 ], [ 17.377460857695603, 50.305068199584014 ], [ 17.377131113984618, 50.304805441064431 ], [ 17.376972569518276, 50.304575799833835 ], [ 17.376623147780876, 50.304226581198321 ], [ 17.376491182756705, 50.304141164674256 ], [ 17.376270094166991, 50.304079493487571 ], [ 17.376028893607703, 50.304012211424364 ], [ 17.37560523536186, 50.30389403250507 ], [ 17.375604429868112, 50.303893336833561 ], [ 17.374914989674803, 50.304202229129977 ], [ 17.374569068713985, 50.304369019430197 ], [ 17.374147521594409, 50.304296312839206 ], [ 17.373853861809522, 50.304324211466522 ], [ 17.373416242015306, 50.30438667175639 ], [ 17.372964500476172, 50.304444362483068 ], [ 17.372242939616303, 50.304485273025151 ], [ 17.371524610488439, 50.304529321064969 ], [ 17.37110466095584, 50.304523436646399 ], [ 17.370840646642289, 50.304515398080213 ], [ 17.370848721167466, 50.304849370982204 ], [ 17.370268678968337, 50.305176426972814 ], [ 17.369363731355254, 50.305688378178857 ], [ 17.368856375463746, 50.305949800566282 ], [ 17.368390980047383, 50.306136935549745 ], [ 17.368083902743251, 50.306194876449567 ], [ 17.368021715120751, 50.306197459060733 ], [ 17.36780486512059, 50.306064726959903 ], [ 17.367806803136485, 50.305850337883072 ], [ 17.367814258540228, 50.305632566802039 ], [ 17.367827265223877, 50.3054892280392 ], [ 17.367822845345202, 50.305302937830511 ], [ 17.367656974187138, 50.305179564333393 ], [ 17.367454198457516, 50.305030083372522 ], [ 17.367204151297468, 50.305078448245375 ], [ 17.36705724146843, 50.305110967952501 ], [ 17.367236979719575, 50.305933115195238 ], [ 17.367720639657286, 50.307578295946541 ], [ 17.367984051461949, 50.308638513757614 ], [ 17.368841210256949, 50.308681669548442 ], [ 17.370101397600031, 50.308861889839633 ], [ 17.37010171495503, 50.30885260794728 ], [ 17.370096738053451, 50.308816432501608 ] ] ] } },
{ "type": "Feature", "properties": { "name": "Dębniak" }, "geometry": { "type": "MultiPolygon", "coordinates": [ [ [ [ 17.469146106666006, 50.307197245537999 ], [ 17.469205646666015, 50.307238998871306 ], [ 17.469629231666016, 50.307799083870883 ], [ 17.470048525929936, 50.308339595644533 ], [ 17.470104132435505, 50.307270016530495 ], [ 17.469935885658067, 50.306559299002238 ], [ 17.469942605748212, 50.306319261152652 ], [ 17.468483875436725, 50.306704351074849 ], [ 17.468850803332678, 50.306963555538196 ], [ 17.469146106666006, 50.307197245537999 ] ] ], [ [ [ 17.470315618048875, 50.310455529186882 ], [ 17.470320891971035, 50.310453169437352 ], [ 17.471303168925527, 50.310038290952036 ], [ 17.470039057737093, 50.308522962721739 ], [ 17.469948039281395, 50.308491805146687 ], [ 17.46986038071325, 50.308382394239651 ], [ 17.469464798162115, 50.307851598921658 ], [ 17.469088753332667, 50.307309473871243 ], [ 17.469043548332674, 50.307264933871295 ], [ 17.468708819999343, 50.307010335538166 ], [ 17.468378646866643, 50.306732129389623 ], [ 17.463759630323985, 50.307951334216639 ], [ 17.463132239414747, 50.307107993204419 ], [ 17.461881286866252, 50.307155957977074 ], [ 17.46122652524134, 50.305873593685142 ], [ 17.460759690982602, 50.305946055559495 ], [ 17.460289093332658, 50.306040363872185 ], [ 17.460191007622445, 50.306058157449833 ], [ 17.460029015297863, 50.30626251089231 ], [ 17.460079257180922, 50.306805406102669 ], [ 17.460121880596787, 50.307903020280193 ], [ 17.460535183885639, 50.30793936272287 ], [ 17.460846676503277, 50.308033906223265 ], [ 17.461095718741685, 50.308265724045278 ], [ 17.461161557985672, 50.30844131485857 ], [ 17.460975031027793, 50.308662057672024 ], [ 17.460148710548545, 50.308687461538227 ], [ 17.460171323095526, 50.309261761275181 ], [ 17.46074540846163, 50.309447322761933 ], [ 17.461161162057863, 50.309576444365895 ], [ 17.461457835160758, 50.309551581489508 ], [ 17.46165647472052, 50.309395235854304 ], [ 17.462015762690363, 50.309445694246904 ], [ 17.462257816140401, 50.309781330798792 ], [ 17.462181233240912, 50.31076169566493 ], [ 17.462269288933722, 50.311304612788923 ], [ 17.463946818895778, 50.311253467797791 ], [ 17.465784902315022, 50.311429487136749 ], [ 17.466349729460038, 50.311560806678266 ], [ 17.46712256863696, 50.311733717216725 ], [ 17.467782397153496, 50.31163602184516 ], [ 17.469086546455038, 50.310999493114601 ], [ 17.470315618048875, 50.310455529186882 ] ] ] ] } },
{ "type": "Feature", "properties": { "name": "Nad Białką" }, "geometry": { "type": "Polygon", "coordinates": [ [ [ 17.367797696703754, 50.311599512275734 ], [ 17.368524599772122, 50.31160027025669 ], [ 17.370015761686943, 50.311583327819271 ], [ 17.370060182935486, 50.311435199010589 ], [ 17.370165286321782, 50.311165469034897 ], [ 17.370190262277866, 50.310869883090483 ], [ 17.370154057027552, 50.310728498342591 ], [ 17.37007939933941, 50.310588156401487 ], [ 17.370059605405288, 50.310521928252889 ], [ 17.370046892687363, 50.310298313091053 ], [ 17.37014182688571, 50.310062541527756 ], [ 17.370329822550993, 50.309703432741237 ], [ 17.370336120882428, 50.30969139606821 ], [ 17.370336107204395, 50.309691283677381 ], [ 17.370310982444128, 50.30952935731527 ], [ 17.370291840485635, 50.309500433299327 ], [ 17.369481745477945, 50.309685304909202 ], [ 17.369420099684337, 50.309846234930383 ], [ 17.36916715178419, 50.310265149381173 ], [ 17.368608127571925, 50.310194383611552 ], [ 17.367854540930608, 50.310066956756046 ], [ 17.368042530048879, 50.310725758763816 ], [ 17.367421842564088, 50.310815916330306 ], [ 17.36717017677471, 50.309967458844689 ], [ 17.366919494483533, 50.309910003051577 ], [ 17.366825012728615, 50.309854431074669 ], [ 17.366524268421102, 50.309677545693958 ], [ 17.366468961810703, 50.309645016118338 ], [ 17.366405050963458, 50.309605723406392 ], [ 17.365943122749844, 50.30932101420035 ], [ 17.365771696248583, 50.309408490597889 ], [ 17.365411250064916, 50.309277583587487 ], [ 17.365200811380671, 50.309274624086889 ], [ 17.365159450456073, 50.309272456616092 ], [ 17.36426209605505, 50.309225461761109 ], [ 17.36341619199877, 50.308925921038316 ], [ 17.363488657324165, 50.308450547534513 ], [ 17.363641893800967, 50.308075184699113 ], [ 17.363532439543096, 50.307992748176609 ], [ 17.363590716116104, 50.307930647349963 ], [ 17.36279124392324, 50.30750591299666 ], [ 17.362591753887003, 50.307592989438199 ], [ 17.361608672446629, 50.30820469557699 ], [ 17.361598294958515, 50.308211150352214 ], [ 17.361593837125934, 50.308213926155517 ], [ 17.361634726449342, 50.308239470558298 ], [ 17.363060434513773, 50.30913020028477 ], [ 17.363575781800083, 50.309310247075452 ], [ 17.364548167151014, 50.310030405487581 ], [ 17.365137343848495, 50.310523599426617 ], [ 17.36550879919653, 50.310387852619627 ], [ 17.366173550303802, 50.311159837707017 ], [ 17.366372038984608, 50.311380166473832 ], [ 17.36637201542694, 50.311380204018192 ], [ 17.367797696703754, 50.311599512275734 ] ] ] } },
{ "type": "Feature", "properties": { "name": "Rozumice" }, "geometry": { "type": "Polygon", "coordinates": [ [ [ 17.998804087254008, 50.019599918626831 ], [ 18.000029047173662, 50.018654823514645 ], [ 18.00012130651784, 50.018253092190761 ], [ 17.999361770619558, 50.017591207186491 ], [ 17.999369051978462, 50.017583531960788 ], [ 17.999679282181432, 50.017255390702594 ], [ 17.999968113767114, 50.016895692281715 ], [ 17.994682736977932, 50.015235926218004 ], [ 17.994154543975789, 50.015169279026857 ], [ 17.992817086164457, 50.015042605889043 ], [ 17.992797942479797, 50.01503659038957 ], [ 17.991664143484133, 50.014679190535752 ], [ 17.990524732109304, 50.014243636137493 ], [ 17.989317116382825, 50.013550961204203 ], [ 17.9892682, 50.0135356 ], [ 17.989234826286101, 50.013488478825742 ], [ 17.989124907138063, 50.01340453927498 ], [ 17.988212059599988, 50.012707502279589 ], [ 17.98778201398029, 50.012216745796394 ], [ 17.987614217109808, 50.011724229411968 ], [ 17.987300336934599, 50.010875143004519 ], [ 17.986811370044403, 50.010087418470974 ], [ 17.986514474037005, 50.009653507962696 ], [ 17.986511267372755, 50.009643018457254 ], [ 17.983313522334313, 50.005128042939901 ], [ 17.983086106389159, 50.005133793366426 ], [ 17.980947384165109, 50.005737992610456 ], [ 17.980175831111399, 50.006501475756778 ], [ 17.979378128808118, 50.007637080735357 ], [ 17.979511601664367, 50.008018828486108 ], [ 17.979127441390865, 50.008333853062958 ], [ 17.978728097207629, 50.008653686984218 ], [ 17.978362874797348, 50.009714636789219 ], [ 17.979538206730002, 50.010441048660873 ], [ 17.980906252274327, 50.011021774499646 ], [ 17.981216062595497, 50.011153330158415 ], [ 17.981349751360753, 50.011301425512123 ], [ 17.981277242490929, 50.01168019181555 ], [ 17.98127127527415, 50.01171153660713 ], [ 17.982020149797858, 50.012392794984528 ], [ 17.982664839888642, 50.013645158157608 ], [ 17.983595469509083, 50.014436141047945 ], [ 17.984897768653532, 50.014699096252123 ], [ 17.985495192691218, 50.014872474517006 ], [ 17.986116483808459, 50.015212053632034 ], [ 17.986127254865671, 50.015217907319503 ], [ 17.986521532639308, 50.015610470706747 ], [ 17.986512709851624, 50.015618221429435 ], [ 17.985641357706651, 50.016378676466594 ], [ 17.986123251231948, 50.01669535233097 ], [ 17.986127110493094, 50.016704204928622 ], [ 17.986182239282709, 50.016831632806685 ], [ 17.98625081318097, 50.016990130206445 ], [ 17.98762332133218, 50.016998784384043 ], [ 17.987670266890063, 50.017057043988196 ], [ 17.98768088360179, 50.017070271424565 ], [ 17.988944025465067, 50.017034321434636 ], [ 17.989417370024963, 50.017020810830985 ], [ 17.987441890228606, 50.01852929570294 ], [ 17.987922892910554, 50.019069259105628 ], [ 17.988106527958266, 50.019081837456262 ], [ 17.989905101319824, 50.017839550514886 ], [ 17.991166209172651, 50.017761633405279 ], [ 17.991438634873376, 50.018681960908459 ], [ 17.991393539592107, 50.019068439893822 ], [ 17.991997035280075, 50.019849400428718 ], [ 17.992378065551112, 50.019791261882986 ], [ 17.993467774021674, 50.020005939343704 ], [ 17.995485967697977, 50.020788978777723 ], [ 17.995498019147721, 50.020793672054644 ], [ 17.996952091619061, 50.020632700304908 ], [ 17.997835773653271, 50.020026380860543 ], [ 17.998804087254008, 50.019599918626831 ] ] ] } },
{ "type": "Feature", "properties": { "name": "Nowy Dwór" }, "geometry": { "type": "Polygon", "coordinates": [ [ [ 17.881094092811349, 50.052907171698827 ], [ 17.880146619871049, 50.053526703338498 ], [ 17.879850289789299, 50.053919005264092 ], [ 17.879689395394607, 50.054474666028504 ], [ 17.879643568926433, 50.054478271017167 ], [ 17.87873552508551, 50.054470651144875 ], [ 17.877204238404072, 50.054457703596626 ], [ 17.876929604344038, 50.054509409599135 ], [ 17.876737073004033, 50.05455521792944 ], [ 17.876091042042056, 50.054708913766902 ], [ 17.875731100207279, 50.054866258544976 ], [ 17.875227650607403, 50.05521895554849 ], [ 17.87467559729826, 50.05556757705893 ], [ 17.874526765874812, 50.055661562726478 ], [ 17.875903659511199, 50.056343037437649 ], [ 17.875890680682321, 50.057170985789881 ], [ 17.877796675338853, 50.057147916358055 ], [ 17.878855263902533, 50.057142362248342 ], [ 17.880931143093207, 50.057109993137978 ], [ 17.881483607162668, 50.057137796231792 ], [ 17.883392428099764, 50.057116132421122 ], [ 17.884505305928588, 50.057111166155124 ], [ 17.886429173474856, 50.057102555308141 ], [ 17.886759137073607, 50.056946335290213 ], [ 17.887335649263846, 50.056317321654682 ], [ 17.887571328559325, 50.055864161135766 ], [ 17.88671590425383, 50.054877721872508 ], [ 17.886912318768633, 50.054841198094387 ], [ 17.887648517567325, 50.054704296531099 ], [ 17.886970441177333, 50.054318386072204 ], [ 17.886372953624829, 50.053976304727591 ], [ 17.885834476050718, 50.053762055264635 ], [ 17.885063790959862, 50.05349145609987 ], [ 17.884845215005214, 50.05363668331308 ], [ 17.88391522745118, 50.053154713371917 ], [ 17.883793629617536, 50.053091693501919 ], [ 17.882853208187402, 50.052676498575103 ], [ 17.882067366844598, 50.052195309953532 ], [ 17.881094092811349, 50.052907171698827 ] ] ] } },
{ "type": "Feature", "properties": { "name": "Góra Gipsowa" }, "geometry": { "type": "Polygon", "coordinates": [ [ [ 17.989800100566626, 50.0553053275842 ], [ 17.989593386327833, 50.05552349002555 ], [ 17.989825803213709, 50.05571430985789 ], [ 17.989897634736405, 50.055770847373481 ], [ 17.98978332883847, 50.055814421585573 ], [ 17.989452031812991, 50.055954082243403 ], [ 17.990971882743505, 50.057238370340187 ], [ 17.992271910319012, 50.05684399199103 ], [ 17.993172498381536, 50.056864579696615 ], [ 17.99317249971191, 50.056864516128904 ], [ 17.99321116468164, 50.056732681509679 ], [ 17.993298786984344, 50.056633940028973 ], [ 17.993433462971005, 50.056528500643864 ], [ 17.993524549401322, 50.056396028456462 ], [ 17.993758750319266, 50.056154771280511 ], [ 17.993687804104827, 50.05587570526847 ], [ 17.993624336944226, 50.055662351492593 ], [ 17.9940166730293, 50.055600965441862 ], [ 17.995595757580265, 50.055353887843751 ], [ 17.995140308376058, 50.054368300612111 ], [ 17.993498408104685, 50.054725619730213 ], [ 17.993303422211866, 50.054685956883368 ], [ 17.992589525030667, 50.05455158308137 ], [ 17.99225788738314, 50.054419338959789 ], [ 17.99192625729675, 50.054287097688459 ], [ 17.991549576176727, 50.054292872367199 ], [ 17.99128418625347, 50.054352080971682 ], [ 17.990940086109081, 50.054412414829791 ], [ 17.99055459981572, 50.054570086629191 ], [ 17.990356716985897, 50.054626263688739 ], [ 17.989981901472834, 50.054727040687276 ], [ 17.989567164607365, 50.055156745977015 ], [ 17.989800100566626, 50.0553053275842 ] ] ] } },
{ "type": "Feature", "properties": { "name": "Jeleni Dwór" }, "geometry": { "type": "Polygon", "coordinates": [ [ [ 17.721569225055589, 50.515723186542473 ], [ 17.721724124079422, 50.515834319648114 ], [ 17.722304905122225, 50.515957943676803 ], [ 17.722788178390527, 50.516087391104804 ], [ 17.723283941007878, 50.516154901381768 ], [ 17.724090190949148, 50.51613274221382 ], [ 17.724539654312085, 50.51612038626353 ], [ 17.726387523039012, 50.515327191858972 ], [ 17.725497822919355, 50.514682533791621 ], [ 17.724647362870204, 50.51423979185347 ], [ 17.721569225055589, 50.515723186542473 ] ] ] } },
{ "type": "Feature", "properties": { "name": "Gogolińskie Gniewosze" }, "geometry": { "type": "Polygon", "coordinates": [ [ [ 18.044136460147406, 50.525240091542138 ], [ 18.045389206576345, 50.525454790330159 ], [ 18.045588833637364, 50.525515492202217 ], [ 18.045835391198086, 50.525605765532994 ], [ 18.046350958843657, 50.525616482026187 ], [ 18.046971172030705, 50.525604863916875 ], [ 18.048873578581315, 50.525784509641305 ], [ 18.048948456057246, 50.524009587562006 ], [ 18.048287970772858, 50.523755806780215 ], [ 18.04814866255839, 50.523333965749949 ], [ 18.048206211799151, 50.522905912569506 ], [ 18.047738988841999, 50.52255365430441 ], [ 18.04742920183752, 50.522559744957626 ], [ 18.047005969323902, 50.522242820381649 ], [ 18.046738089126187, 50.522021626805696 ], [ 18.046408139498993, 50.521799924231345 ], [ 18.045775871753488, 50.521300277484514 ], [ 18.044746038124757, 50.52112111744669 ], [ 18.04410847744564, 50.521130660536194 ], [ 18.043165190597829, 50.521266911506032 ], [ 18.042625411884931, 50.521517190349925 ], [ 18.04236760446247, 50.521788913850216 ], [ 18.042282389219885, 50.521878714480764 ], [ 18.041475846696287, 50.522440005964732 ], [ 18.040427024866819, 50.523448630329739 ], [ 18.040401594187077, 50.523457655695609 ], [ 18.040337444167736, 50.523533829623695 ], [ 18.040018294551732, 50.523913446214827 ], [ 18.039373146871142, 50.524383662985564 ], [ 18.039043102321159, 50.525182863852216 ], [ 18.038956065865669, 50.525439252901315 ], [ 18.038479438401598, 50.526015119409578 ], [ 18.038650042978414, 50.526092915009393 ], [ 18.039205945859109, 50.526275870428435 ], [ 18.039919438346516, 50.526444291412787 ], [ 18.04047786182419, 50.526585044549968 ], [ 18.04095926224316, 50.526768432955848 ], [ 18.041268993623394, 50.526926131138396 ], [ 18.042606408419424, 50.526112769310501 ], [ 18.044136460147406, 50.525240091542138 ] ] ] } },
{ "type": "Feature", "properties": { "name": "Blok" }, "geometry": { "type": "Polygon", "coordinates": [ [ [ 17.717224442204785, 50.533076627518973 ], [ 17.718327440283048, 50.532235096749105 ], [ 17.718563279266856, 50.532055156746736 ], [ 17.718725934181162, 50.531931056514537 ], [ 17.718730977737142, 50.531927245143109 ], [ 17.720088455237168, 50.530923067510592 ], [ 17.72096167161094, 50.530277011467007 ], [ 17.719865584686488, 50.529348234232032 ], [ 17.716374999954073, 50.531026216225939 ], [ 17.715352230632586, 50.531517820118744 ], [ 17.715324503615797, 50.531531145475704 ], [ 17.715322018613499, 50.531532340945866 ], [ 17.715366039244412, 50.5315684812347 ], [ 17.715657731240434, 50.531807934199804 ], [ 17.715781920450944, 50.531909887811594 ], [ 17.717213448089122, 50.53308500678164 ], [ 17.717218462764638, 50.533081187677951 ], [ 17.717224442204785, 50.533076627518973 ] ] ] } },
{ "type": "Feature", "properties": { "name": "Kamień Śląski" }, "geometry": { "type": "Polygon", "coordinates": [ [ [ 18.030306677134842, 50.535867040240547 ], [ 18.029358266553999, 50.536364203434168 ], [ 18.029336440534152, 50.536375535858532 ], [ 18.026976123354437, 50.537606549102037 ], [ 18.0248108541177, 50.538735739583252 ], [ 18.024837403101138, 50.538753295191349 ], [ 18.024968637513386, 50.538840065745084 ], [ 18.025408554766731, 50.538883994744914 ], [ 18.026868471009845, 50.539029762759903 ], [ 18.028285024747984, 50.539003901001244 ], [ 18.029430841182396, 50.538612586231729 ], [ 18.03056241343215, 50.538625793667315 ], [ 18.031609711098934, 50.53807466864405 ], [ 18.031848974324991, 50.53825344253498 ], [ 18.03208949724095, 50.538076601114966 ], [ 18.032275373580809, 50.537940014817309 ], [ 18.032622024176874, 50.537685282394257 ], [ 18.032921158073904, 50.537582657031351 ], [ 18.033414412977514, 50.537413431389048 ], [ 18.033491382711532, 50.537225061159845 ], [ 18.033973003769844, 50.537122092853743 ], [ 18.033890799575062, 50.537041434761235 ], [ 18.033734143083961, 50.536791392322542 ], [ 18.03379212797465, 50.536551044061575 ], [ 18.03359189551222, 50.535877640956279 ], [ 18.033595145597097, 50.535822250114627 ], [ 18.033563719409127, 50.535736616894368 ], [ 18.033520458081775, 50.535574323647587 ], [ 18.033417986790969, 50.535366651893277 ], [ 18.03334454175446, 50.535161651789664 ], [ 18.03326830690208, 50.535024274938934 ], [ 18.033258724922838, 50.534947637333111 ], [ 18.03325082096476, 50.53467121180131 ], [ 18.030646245401204, 50.535901228373881 ], [ 18.030568816507166, 50.53593779322582 ], [ 18.030402760938113, 50.535816670806184 ], [ 18.030401414477229, 50.535817377606051 ], [ 18.030368761781695, 50.535834495051795 ], [ 18.030306677134842, 50.535867040240547 ] ] ] } },
{ "type": "Feature", "properties": { "name": "Przysiecz" }, "geometry": { "type": "Polygon", "coordinates": [ [ [ 17.87944880920125, 50.542516890152307 ], [ 17.881088937275209, 50.543910254484402 ], [ 17.881546106094884, 50.543683112150823 ], [ 17.881835382738839, 50.54353941106767 ], [ 17.882832025591529, 50.543044211081011 ], [ 17.881227980125672, 50.541665428644166 ], [ 17.881053487685584, 50.54174894551705 ], [ 17.87944880920125, 50.542516890152307 ] ] ] } },
{ "type": "Feature", "properties": { "name": "Jaśkowice" }, "geometry": { "type": "Polygon", "coordinates": [ [ [ 17.798620002558589, 50.568859682511693 ], [ 17.799194881221563, 50.569258061167083 ], [ 17.799248276140219, 50.569254546680874 ], [ 17.80049969056574, 50.569172155751204 ], [ 17.800908220463924, 50.569057138087551 ], [ 17.801702858529506, 50.569216538718116 ], [ 17.801769652608428, 50.569229937152201 ], [ 17.802345329391692, 50.569290503050716 ], [ 17.802943388628599, 50.569391037743308 ], [ 17.804332920346404, 50.568753744146385 ], [ 17.802278267357899, 50.56693176888075 ], [ 17.802277952354519, 50.566931918967953 ], [ 17.798945730520231, 50.568554081032637 ], [ 17.798576581505969, 50.568733794440007 ], [ 17.798619991578562, 50.56885965248096 ], [ 17.798620002558589, 50.568859682511693 ] ] ] } },
{ "type": "Feature", "properties": { "name": "Staw Nowokuźnicki" }, "geometry": { "type": "Polygon", "coordinates": [ [ [ 17.860910858563685, 50.60300433412138 ], [ 17.861309131398464, 50.603034981434767 ], [ 17.861513984814682, 50.603032312933614 ], [ 17.861531915917478, 50.603049720461044 ], [ 17.861659000216122, 50.603044313342977 ], [ 17.861683092218847, 50.603027757772452 ], [ 17.862006585438213, 50.603017990564382 ], [ 17.862073886727881, 50.603007918991075 ], [ 17.862388830501541, 50.602951826509639 ], [ 17.862744002599936, 50.602909091276956 ], [ 17.862364520656012, 50.602504417436037 ], [ 17.862167725146634, 50.602095820228136 ], [ 17.861834627355325, 50.601831707166269 ], [ 17.861419423770325, 50.601494260208895 ], [ 17.861293136434863, 50.601296144664651 ], [ 17.86126074438998, 50.601225462848987 ], [ 17.861304747138693, 50.601071423219295 ], [ 17.861392178785412, 50.600846986679095 ], [ 17.861706687317227, 50.600487112937373 ], [ 17.862010670049408, 50.600157830520615 ], [ 17.862119319692315, 50.599994553187791 ], [ 17.862347187581676, 50.599613876566757 ], [ 17.862600669485811, 50.599137408006357 ], [ 17.862279568248667, 50.598389652499307 ], [ 17.862225759609149, 50.598304622129127 ], [ 17.861615205853283, 50.597852707653104 ], [ 17.861420664018627, 50.597246797091941 ], [ 17.86179184516104, 50.596127397226624 ], [ 17.861808577908636, 50.595821193787806 ], [ 17.861833943235133, 50.595509053849113 ], [ 17.861875355351568, 50.595107906238049 ], [ 17.861789327557485, 50.594494686894613 ], [ 17.861766598292334, 50.594332638947456 ], [ 17.861916354751568, 50.593804631478534 ], [ 17.862007886571512, 50.593510317827985 ], [ 17.861484427234778, 50.59290982403698 ], [ 17.860122932134914, 50.593372479706723 ], [ 17.859753237346339, 50.593371153653614 ], [ 17.859556929548763, 50.593321921458497 ], [ 17.859296744206652, 50.593138026825656 ], [ 17.859246400627789, 50.593091423896546 ], [ 17.858848305960954, 50.593223367228809 ], [ 17.858810635065293, 50.593235798982995 ], [ 17.857437602218642, 50.593690632803515 ], [ 17.857388188725746, 50.593708311572776 ], [ 17.858737089026651, 50.594081432352276 ], [ 17.859186079427484, 50.594376079869278 ], [ 17.859185941723908, 50.594484098306879 ], [ 17.859185540285512, 50.594768539613831 ], [ 17.859151434328101, 50.594928498174426 ], [ 17.859130381606658, 50.595027258060348 ], [ 17.859111396947249, 50.595116292670696 ], [ 17.859073326463694, 50.595294891918108 ], [ 17.859020824631333, 50.595541112232567 ], [ 17.85893105185211, 50.595962196143013 ], [ 17.858405960927168, 50.596646212280667 ], [ 17.858266803385202, 50.596938115352003 ], [ 17.858223705986315, 50.59727304214676 ], [ 17.858145583355196, 50.597843051374383 ], [ 17.858125783450511, 50.598354138193727 ], [ 17.857985333826637, 50.59884237839286 ], [ 17.857855970747519, 50.599219352925516 ], [ 17.857822014599964, 50.599270357851793 ], [ 17.857665348758609, 50.599502265301268 ], [ 17.857513736063215, 50.599728040461194 ], [ 17.857461577589952, 50.599805193864029 ], [ 17.857455799212662, 50.599814276883748 ], [ 17.857449983414373, 50.599823449287662 ], [ 17.857269541997926, 50.600095327930752 ], [ 17.857025147503709, 50.600461270378254 ], [ 17.856852615252855, 50.600738996242818 ], [ 17.856758778725315, 50.600890047078387 ], [ 17.856683694554345, 50.60105867498978 ], [ 17.856561809745376, 50.601378052314288 ], [ 17.856718418315388, 50.601431746344673 ], [ 17.856970102652703, 50.601551543955352 ], [ 17.85726864622978, 50.601699601243531 ], [ 17.857665038215071, 50.601907860826906 ], [ 17.858104804093752, 50.602131192428885 ], [ 17.858512353242386, 50.602321110791927 ], [ 17.859037440013328, 50.602543049797411 ], [ 17.859531343341082, 50.602734520879331 ], [ 17.859717482507708, 50.602787434157726 ], [ 17.86018310203675, 50.60289140211502 ], [ 17.860542304712109, 50.602960427423398 ], [ 17.860910858563685, 50.60300433412138 ] ] ] } },
{ "type": "Feature", "properties": { "name": "Grafik" }, "geometry": { "type": "MultiPolygon", "coordinates": [ [ [ [ 18.229528422663314, 50.43879365756866 ], [ 18.227907550874804, 50.439569636048923 ], [ 18.22743406570758, 50.439796344796989 ], [ 18.227420796407014, 50.439806783870502 ], [ 18.227407386638056, 50.4398172182702 ], [ 18.22591580833571, 50.439968429140571 ], [ 18.225678305925239, 50.439821469270001 ], [ 18.225687544422609, 50.439807948261567 ], [ 18.225696917643848, 50.439794424409193 ], [ 18.225605028958906, 50.439322502209009 ], [ 18.225478585383005, 50.439077142264445 ], [ 18.225590469275652, 50.43872118585 ], [ 18.22557083761934, 50.438128564065529 ], [ 18.225167517620832, 50.43815619666119 ], [ 18.225079857795645, 50.43790311774984 ], [ 18.225051473436743, 50.437821149570794 ], [ 18.224993183249538, 50.437652868774371 ], [ 18.225289827911496, 50.437216004818133 ], [ 18.225333367514668, 50.437151882569076 ], [ 18.225335033706795, 50.437070245392313 ], [ 18.225337589209794, 50.436945241412388 ], [ 18.225340170445847, 50.436819018467801 ], [ 18.225342194431899, 50.436719762330448 ], [ 18.225347366344415, 50.436466733102691 ], [ 18.22483701974641, 50.436493924967863 ], [ 18.224578883800259, 50.436507676083224 ], [ 18.2236675920967, 50.436555847435145 ], [ 18.22367440384221, 50.43685393734112 ], [ 18.223651102980526, 50.436909200095648 ], [ 18.223645245544144, 50.436922926751301 ], [ 18.223537859944965, 50.437175812405243 ], [ 18.223285095568102, 50.437558444154263 ], [ 18.22308922277028, 50.438010276387089 ], [ 18.222998732232895, 50.438452647563686 ], [ 18.222950335197044, 50.438905101419962 ], [ 18.222903747946877, 50.439124301557889 ], [ 18.222877532579634, 50.439247644095794 ], [ 18.222897660203948, 50.439326225603978 ], [ 18.223047940605163, 50.439912521326796 ], [ 18.223051529930618, 50.439925772509028 ], [ 18.223102894682341, 50.440274678965395 ], [ 18.223149143304319, 50.44058881342113 ], [ 18.223168405994475, 50.44063193327122 ], [ 18.223290061039368, 50.440904264136044 ], [ 18.223311233713961, 50.441070783391702 ], [ 18.223329998587666, 50.441218408712608 ], [ 18.223323207795477, 50.441275886994539 ], [ 18.223299735414777, 50.441474568585747 ], [ 18.223297015980481, 50.441497605500146 ], [ 18.223298854950787, 50.441553409911741 ], [ 18.223303041649896, 50.441680448267434 ], [ 18.22330866292744, 50.441850790353008 ], [ 18.223333799100622, 50.441978757598697 ], [ 18.223349237791293, 50.442057345089211 ], [ 18.223375036300727, 50.442100841344704 ], [ 18.22339222413218, 50.44212980760647 ], [ 18.223607881429142, 50.442493347650071 ], [ 18.223714862174976, 50.442673685170746 ], [ 18.223759854276398, 50.442734220159132 ], [ 18.223851466008885, 50.442857488642971 ], [ 18.223869089617818, 50.442873451166989 ], [ 18.224102404242018, 50.443084787549552 ], [ 18.224195756592845, 50.443169384223403 ], [ 18.22422697695373, 50.443197621180381 ], [ 18.224879725585232, 50.442837682373501 ], [ 18.225943959193419, 50.442249878583453 ], [ 18.22748609071105, 50.441446688645534 ], [ 18.228191015465729, 50.441102111100747 ], [ 18.23051190943422, 50.439966261829134 ], [ 18.230646601076163, 50.439900361933489 ], [ 18.229573624276163, 50.438659713891212 ], [ 18.229528422663314, 50.43879365756866 ] ] ], [ [ [ 18.222823584829634, 50.439181794669096 ], [ 18.221013706644943, 50.439377951202999 ], [ 18.219059971418424, 50.439886637112288 ], [ 18.218841343826721, 50.440032254682478 ], [ 18.218826389302929, 50.440042142953807 ], [ 18.219956416101667, 50.441123241051478 ], [ 18.220851325150957, 50.441407943010375 ], [ 18.220677086035746, 50.44218890582205 ], [ 18.220885126611655, 50.442817153595989 ], [ 18.221126256566254, 50.443120592786116 ], [ 18.221353167352895, 50.443406389782446 ], [ 18.221465822345671, 50.443443579136165 ], [ 18.223438363782439, 50.442938216938494 ], [ 18.22372449134448, 50.442816417786162 ], [ 18.22371681762565, 50.442803662938651 ], [ 18.223644302081141, 50.442706949994211 ], [ 18.223266287533299, 50.442098802878938 ], [ 18.223231572531709, 50.441897758367716 ], [ 18.223224597946484, 50.44185733459544 ], [ 18.223221845069258, 50.441773652325239 ], [ 18.223212842148783, 50.44149974741498 ], [ 18.223249191369387, 50.441198075266904 ], [ 18.223225224133859, 50.441023773792949 ], [ 18.223215956119876, 50.440956397858628 ], [ 18.223198575593809, 50.440916697423496 ], [ 18.223190971257985, 50.44089937312215 ], [ 18.223175147576768, 50.440863303076988 ], [ 18.223061142043893, 50.440603431390073 ], [ 18.222959590067973, 50.439948546502841 ], [ 18.222803192984674, 50.439297075955558 ], [ 18.222823584829634, 50.439181794669096 ] ] ] ] } },
{ "type": "Feature", "properties": { "name": "Boże Oko" }, "geometry": { "type": "Polygon", "coordinates": [ [ [ 18.246465725673023, 50.440234052504479 ], [ 18.247309604007746, 50.440890370659289 ], [ 18.247364758509988, 50.440981256273005 ], [ 18.247377510888239, 50.440990141887774 ], [ 18.247656933521718, 50.441462706777507 ], [ 18.247650458140445, 50.441506836312655 ], [ 18.247623329222776, 50.441565654168031 ], [ 18.247441716411569, 50.442066488567789 ], [ 18.247550213408807, 50.442327845380305 ], [ 18.247714336128496, 50.442693669603962 ], [ 18.247707528550734, 50.442712804676887 ], [ 18.247682616542651, 50.442868868152004 ], [ 18.247680170162273, 50.443090101063966 ], [ 18.247769117836107, 50.443307388087995 ], [ 18.248015220890078, 50.443676288851961 ], [ 18.248411973911544, 50.444128553233966 ], [ 18.248564288419796, 50.444598935269745 ], [ 18.248905152505738, 50.444972724478959 ], [ 18.249370708250119, 50.44519928417666 ], [ 18.249438768201188, 50.445272530240871 ], [ 18.249605497548494, 50.445413359158714 ], [ 18.249647006527397, 50.445493522844501 ], [ 18.249828340773348, 50.445843718966806 ], [ 18.249862249168647, 50.446052765400118 ], [ 18.249877759157261, 50.446135619263551 ], [ 18.25091689027234, 50.446137205959708 ], [ 18.251749925020565, 50.446326447719905 ], [ 18.251907607793949, 50.446235160463615 ], [ 18.251915529277415, 50.446206333575432 ], [ 18.251920467377083, 50.446188013065665 ], [ 18.25216657709294, 50.445286376063642 ], [ 18.252792772110528, 50.445234802030448 ], [ 18.254789274859458, 50.445268025914395 ], [ 18.254835894185167, 50.445268864221994 ], [ 18.254864768193812, 50.445269318998754 ], [ 18.254865290517223, 50.445269322343314 ], [ 18.254962704443756, 50.445095397782325 ], [ 18.254962996585633, 50.445095110011891 ], [ 18.254963023433671, 50.445095061911857 ], [ 18.255429944005776, 50.444635015774594 ], [ 18.255371955118569, 50.44409289328091 ], [ 18.25535709831264, 50.443953357032413 ], [ 18.255328171755341, 50.443947324392596 ], [ 18.252967255533804, 50.443458541929004 ], [ 18.252990386571064, 50.443376285163183 ], [ 18.253194057502888, 50.442653667615865 ], [ 18.254821960843337, 50.442800935949258 ], [ 18.25483152675795, 50.442801806864836 ], [ 18.25486331923446, 50.442804709309883 ], [ 18.254997289939872, 50.443029212800354 ], [ 18.255016778425734, 50.443062083760474 ], [ 18.255995366386127, 50.441942218169444 ], [ 18.256077308827386, 50.441848442990413 ], [ 18.256036159716842, 50.441840353217238 ], [ 18.254163009236379, 50.441470043479981 ], [ 18.2541235454297, 50.441462323678785 ], [ 18.254031419611081, 50.441444100566059 ], [ 18.252739557043899, 50.441188685929049 ], [ 18.252746594394093, 50.441171188509969 ], [ 18.253000874082545, 50.440535349614613 ], [ 18.253315170584415, 50.440534308092424 ], [ 18.253346305287174, 50.440534148023708 ], [ 18.254472474510134, 50.440530483214502 ], [ 18.254621661593813, 50.440530089501053 ], [ 18.256025640013394, 50.440525489980296 ], [ 18.256259919293527, 50.440524648586099 ], [ 18.256383903476753, 50.440487476952143 ], [ 18.256382157018557, 50.440473071855259 ], [ 18.256344212729456, 50.44015265423991 ], [ 18.256483852141425, 50.439547741700068 ], [ 18.25710099245028, 50.438800589592681 ], [ 18.258265838415561, 50.43802301097211 ], [ 18.258694632384891, 50.438139635508001 ], [ 18.25914340533318, 50.438203757816822 ], [ 18.257200931799801, 50.440227396976468 ], [ 18.257180882694119, 50.440248320125761 ], [ 18.257587364867209, 50.440126406665435 ], [ 18.257654309767901, 50.440106322399295 ], [ 18.257677531968692, 50.440080651419166 ], [ 18.260982109482821, 50.436429071827817 ], [ 18.260944411679013, 50.436416687511553 ], [ 18.26032344097063, 50.436213385715568 ], [ 18.260306087868667, 50.436215164610772 ], [ 18.259994009294051, 50.436247455931806 ], [ 18.259979764528499, 50.436248624810865 ], [ 18.259076951567938, 50.436324745280679 ], [ 18.258467247222054, 50.436392651239167 ], [ 18.258344724827566, 50.436391150683882 ], [ 18.258181924631042, 50.43638912862481 ], [ 18.258150203083826, 50.436392448656626 ], [ 18.257888524205558, 50.436385480980732 ], [ 18.256825910428105, 50.436372150169632 ], [ 18.255220125747602, 50.436460525861875 ], [ 18.255012265611775, 50.436498726507345 ], [ 18.254586548337116, 50.436593358345725 ], [ 18.254577362509078, 50.436595286395097 ], [ 18.254340728640162, 50.436644954098242 ], [ 18.254000190625693, 50.436727365697685 ], [ 18.253928644957124, 50.436744629540797 ], [ 18.25353117869961, 50.436840858907779 ], [ 18.2534324390313, 50.436849671472181 ], [ 18.25334216131677, 50.43685781855357 ], [ 18.253331723259208, 50.436858741159178 ], [ 18.253123239467349, 50.436877464741855 ], [ 18.25263701160188, 50.436876411968392 ], [ 18.251717156064728, 50.436754359162173 ], [ 18.251559521831787, 50.436705426056314 ], [ 18.251195489850186, 50.436610159424092 ], [ 18.250533489445939, 50.436517612505064 ], [ 18.249518429685143, 50.436182614755303 ], [ 18.248818456421201, 50.436006953167748 ], [ 18.248434669015488, 50.435867193510951 ], [ 18.248069422429005, 50.435753675243184 ], [ 18.24796104381296, 50.435694715732396 ], [ 18.247362439843222, 50.435476720501953 ], [ 18.247265120976188, 50.43544386297382 ], [ 18.247098981807927, 50.435344589818747 ], [ 18.246573379812396, 50.435053912831172 ], [ 18.246359387155678, 50.434801465287876 ], [ 18.245646945163163, 50.434244019617495 ], [ 18.245136820516855, 50.43423727202709 ], [ 18.244718783959403, 50.43428059238596 ], [ 18.244699199290686, 50.434326907710648 ], [ 18.244691257450128, 50.43436571984715 ], [ 18.24466438220702, 50.434390554895515 ], [ 18.244521201163177, 50.434598877532352 ], [ 18.244500106514714, 50.434826884801033 ], [ 18.244560372126745, 50.435058209125977 ], [ 18.244649037639338, 50.435222066175534 ], [ 18.244830160544122, 50.435532891765796 ], [ 18.245287282617696, 50.436105678222077 ], [ 18.246267549061056, 50.437255901411412 ], [ 18.246317745238379, 50.437350326994938 ], [ 18.246532002862857, 50.437544953328739 ], [ 18.246499094071179, 50.437958656230663 ], [ 18.246544406294706, 50.43826320171793 ], [ 18.246673249223345, 50.438630002019885 ], [ 18.246629845132439, 50.439021596205897 ], [ 18.246551692700375, 50.439073088327937 ], [ 18.24653354304537, 50.439213671626803 ], [ 18.246471354156519, 50.43969699544143 ], [ 18.246495157160876, 50.439856922357635 ], [ 18.246518215150022, 50.439939566955545 ], [ 18.246523815374907, 50.439959484852665 ], [ 18.246514368021817, 50.439986682209934 ], [ 18.24651501763282, 50.439991422753899 ], [ 18.246539593927665, 50.440056178824058 ], [ 18.246465725673023, 50.440234052504479 ] ] ] } },
{ "type": "Feature", "properties": { "name": "Góra Św. Anny" }, "geometry": { "type": "Polygon", "coordinates": [ [ [ 18.166119482392126, 50.45232103348485 ], [ 18.167554905248778, 50.452576727415781 ], [ 18.167553673835602, 50.453722837916366 ], [ 18.167641896696239, 50.453649789868976 ], [ 18.167921862634678, 50.453658988959532 ], [ 18.167952005518686, 50.453659654290249 ], [ 18.168046309639195, 50.453585299982912 ], [ 18.168190830104358, 50.453499879336555 ], [ 18.168425333995401, 50.45340160720469 ], [ 18.168624951106288, 50.453275826808216 ], [ 18.168838818897658, 50.453269527773763 ], [ 18.169080676142109, 50.453145487672586 ], [ 18.169298592289259, 50.45298843994734 ], [ 18.169493467449936, 50.452811345720491 ], [ 18.169024988574808, 50.452270386895904 ], [ 18.16840216201404, 50.451685141343496 ], [ 18.16738003503248, 50.451702032563375 ], [ 18.166559823494087, 50.45199150742296 ], [ 18.166119482392126, 50.45232103348485 ] ] ] } },
{ "type": "Feature", "properties": { "name": "Lesisko" }, "geometry": { "type": "Polygon", "coordinates": [ [ [ 18.137126195474767, 50.462096580791609 ], [ 18.137151349333394, 50.462107808821294 ], [ 18.137150495760704, 50.462120287369537 ], [ 18.137157122952093, 50.46212675263947 ], [ 18.137143596576003, 50.462221147653366 ], [ 18.137078552939794, 50.463172007851838 ], [ 18.139489449550251, 50.462408823580979 ], [ 18.140330072012034, 50.462362074144238 ], [ 18.140568778319778, 50.462508444390338 ], [ 18.140940328135994, 50.462510180764859 ], [ 18.140968793324983, 50.4625103908771 ], [ 18.141011917118302, 50.462510529252256 ], [ 18.141029674262054, 50.462510570352073 ], [ 18.14104024302063, 50.462510648356741 ], [ 18.141047288859724, 50.46251070035931 ], [ 18.142860699372196, 50.462518942400251 ], [ 18.143222834191221, 50.462078185095798 ], [ 18.143812695009405, 50.46182559394569 ], [ 18.143806153666734, 50.461821901723155 ], [ 18.144446900156378, 50.461522849241383 ], [ 18.144724350977516, 50.461390402766078 ], [ 18.144828140354136, 50.461353631232328 ], [ 18.145721867261134, 50.46101585136654 ], [ 18.145726599845521, 50.46101406267622 ], [ 18.144871717340667, 50.460642819842903 ], [ 18.143961630250246, 50.460289324624846 ], [ 18.14324627141341, 50.460086683283592 ], [ 18.142651113405996, 50.460118825007697 ], [ 18.142409975370402, 50.460088170424399 ], [ 18.14231988201383, 50.460113166766057 ], [ 18.142281219095842, 50.46012518809998 ], [ 18.142134955952447, 50.460170436250017 ], [ 18.142046477125501, 50.460199653367361 ], [ 18.141911369338462, 50.460173917634286 ], [ 18.141246082559938, 50.46021892806467 ], [ 18.141071572865609, 50.460311075995641 ], [ 18.141070061414524, 50.460311173369426 ], [ 18.141057120611475, 50.460318392667247 ], [ 18.140891241443843, 50.460334261092882 ], [ 18.140638733497894, 50.460402207524595 ], [ 18.140105227213624, 50.460344919154686 ], [ 18.139948818798963, 50.460328109944719 ], [ 18.139474909945214, 50.460232935165074 ], [ 18.13845357633268, 50.459776466892436 ], [ 18.137980754699175, 50.459567671662654 ], [ 18.137990968138165, 50.459548495381569 ], [ 18.137992843063795, 50.459545014436735 ], [ 18.13797803157329, 50.459537838306581 ], [ 18.138315267694942, 50.458933628174947 ], [ 18.138354225497654, 50.458854787131926 ], [ 18.138397872249357, 50.45875462250595 ], [ 18.138574931853302, 50.458347954146184 ], [ 18.13860109699786, 50.458355173224732 ], [ 18.138607140936042, 50.458342941475195 ], [ 18.139342846556239, 50.458533654226628 ], [ 18.140121308751549, 50.458564305744396 ], [ 18.140140431814572, 50.458563253206677 ], [ 18.141388541761522, 50.458879250884102 ], [ 18.141558239622892, 50.4588111989259 ], [ 18.141583990702276, 50.458800872231365 ], [ 18.141735888554951, 50.458705848388369 ], [ 18.14175999724419, 50.458692573432316 ], [ 18.141715242656581, 50.458582837759131 ], [ 18.141713082590119, 50.458577604015161 ], [ 18.141672198600908, 50.458477264408337 ], [ 18.140633305213058, 50.458306405878453 ], [ 18.140875440784036, 50.457978031963613 ], [ 18.141184018471407, 50.457544532113324 ], [ 18.141458638886704, 50.456970349730092 ], [ 18.141475038446259, 50.456936285030245 ], [ 18.141524832125398, 50.456808995816019 ], [ 18.141873368893219, 50.455918600256979 ], [ 18.141634961225702, 50.455862864634966 ], [ 18.141636932105964, 50.4558605948219 ], [ 18.141648777095202, 50.455846953241419 ], [ 18.14218219893322, 50.455228346986154 ], [ 18.142699771188244, 50.454963533389289 ], [ 18.144086686399543, 50.454687571970481 ], [ 18.142902021911404, 50.453347050077873 ], [ 18.143307236220306, 50.453044881443986 ], [ 18.143485508935832, 50.452926453762842 ], [ 18.143846535863592, 50.452831501221425 ], [ 18.144358034470748, 50.453018606514789 ], [ 18.14497427369707, 50.453320641394249 ], [ 18.145178654852213, 50.45319979404686 ], [ 18.145688957849043, 50.452898299073198 ], [ 18.146608867016187, 50.453035494074577 ], [ 18.146633179293513, 50.453039090930034 ], [ 18.147676209088164, 50.453194520785175 ], [ 18.148159533363422, 50.452137282762941 ], [ 18.147908310697332, 50.451334842406567 ], [ 18.147245446095017, 50.45042886636584 ], [ 18.14722432081502, 50.450398544438123 ], [ 18.146728850486745, 50.450540457600873 ], [ 18.146234561555037, 50.450682031564249 ], [ 18.145819442348614, 50.450800884314916 ], [ 18.145447944598242, 50.450907191299464 ], [ 18.145428680877995, 50.450912807431301 ], [ 18.143424928118577, 50.45221584481375 ], [ 18.142531212446823, 50.452026279530841 ], [ 18.142125737876921, 50.45181322894264 ], [ 18.141712982178685, 50.452041748655901 ], [ 18.14195316466299, 50.452216427572303 ], [ 18.141666318348008, 50.452377953807478 ], [ 18.141409942413144, 50.452537455089221 ], [ 18.141317572694174, 50.452860818082328 ], [ 18.141483999744626, 50.453124646188328 ], [ 18.14167746797305, 50.453319222532379 ], [ 18.14126219987287, 50.45351443601367 ], [ 18.139710465774243, 50.454604654399539 ], [ 18.138883044278213, 50.455185989033524 ], [ 18.138932701567153, 50.455213974909924 ], [ 18.138984440462274, 50.455243152206499 ], [ 18.138984590376776, 50.455243236748238 ], [ 18.138965926438733, 50.455238960389693 ], [ 18.138679434762672, 50.455185381860396 ], [ 18.138504733284407, 50.455152601883498 ], [ 18.138620288720293, 50.45522209854429 ], [ 18.137761888339359, 50.455754346337876 ], [ 18.136490808971264, 50.45604962429438 ], [ 18.13591147182477, 50.455997104305837 ], [ 18.135642916830353, 50.456157761917382 ], [ 18.135489335481644, 50.456249552235263 ], [ 18.135615918677132, 50.456301501169037 ], [ 18.13588508180959, 50.456610271725047 ], [ 18.136786162584485, 50.456963673869446 ], [ 18.136844649596267, 50.456986598267314 ], [ 18.136357887237683, 50.45737504284125 ], [ 18.136255042100846, 50.457280718731354 ], [ 18.136025378305757, 50.45727100728481 ], [ 18.1358600648351, 50.457364600190871 ], [ 18.135789012610214, 50.457404825518431 ], [ 18.13576964677398, 50.457415837036187 ], [ 18.135753556083806, 50.45742498366387 ], [ 18.13580099859001, 50.457474005605377 ], [ 18.135832814304415, 50.457506718267474 ], [ 18.135702871799008, 50.45787091042434 ], [ 18.135569517608431, 50.458244343197073 ], [ 18.135547746172399, 50.45825587658274 ], [ 18.136181268892244, 50.458824374588744 ], [ 18.136242279515447, 50.458879074707895 ], [ 18.136438864280919, 50.459119293592821 ], [ 18.136741873672847, 50.459489847334339 ], [ 18.136503339193098, 50.459602959571981 ], [ 18.136235155304298, 50.459610685327661 ], [ 18.135602877211074, 50.459274839514876 ], [ 18.134912609453334, 50.459043725131771 ], [ 18.134624557505809, 50.458742548776009 ], [ 18.134613496809653, 50.458730861388148 ], [ 18.1344180979989, 50.458526633132145 ], [ 18.134029629079247, 50.458662375103835 ], [ 18.134310263665157, 50.458898724896066 ], [ 18.135912763743281, 50.459739457110572 ], [ 18.135918342217856, 50.459742391812952 ], [ 18.135942077529641, 50.459754878387109 ], [ 18.135051898266493, 50.459836608752816 ], [ 18.135014912943827, 50.459840022317906 ], [ 18.133956198817096, 50.459937222162573 ], [ 18.13388931655042, 50.459943862601961 ], [ 18.133861663190757, 50.46000592079892 ], [ 18.134261729825727, 50.460623301278403 ], [ 18.13459919765193, 50.461143994033222 ], [ 18.134766613874316, 50.461402212453166 ], [ 18.135249876284654, 50.461589763056928 ], [ 18.136275879084579, 50.461807362688901 ], [ 18.136313386202669, 50.461809376544643 ], [ 18.136470169531869, 50.461803820814296 ], [ 18.136719975920048, 50.461892757576109 ], [ 18.137107409975734, 50.462078254242897 ], [ 18.137126195474767, 50.462096580791609 ] ] ] } },
{ "type": "Feature", "properties": { "name": "Biesiec" }, "geometry": { "type": "MultiPolygon", "coordinates": [ [ [ [ 18.143399477483339, 50.474375997905874 ], [ 18.144047933540573, 50.473987958097922 ], [ 18.144816176703277, 50.473325649144165 ], [ 18.144833265274404, 50.473309028489915 ], [ 18.144779842221595, 50.473254029383092 ], [ 18.144585813161861, 50.473054057274155 ], [ 18.144163300684468, 50.472618593673104 ], [ 18.143701892718266, 50.472142906451602 ], [ 18.142942215130212, 50.471359692617604 ], [ 18.142723541836652, 50.47113424072765 ], [ 18.142702595445812, 50.471146771385165 ], [ 18.141927468245449, 50.47160508444216 ], [ 18.141230422878142, 50.47202438413558 ], [ 18.140704573956342, 50.472377293186781 ], [ 18.140240415187723, 50.472732813367074 ], [ 18.140126175888099, 50.472886324091256 ], [ 18.140061608090804, 50.472973089687528 ], [ 18.140020500765296, 50.473028331198066 ], [ 18.139754489594036, 50.473292835177922 ], [ 18.13973668528007, 50.473310695108651 ], [ 18.139668689340123, 50.473378344157844 ], [ 18.139534314035007, 50.473512038552371 ], [ 18.139365497949637, 50.473679995227016 ], [ 18.139250301574982, 50.473794601752964 ], [ 18.138989924350039, 50.47408204360061 ], [ 18.138861175704744, 50.474224174381263 ], [ 18.138383250918846, 50.474861974769212 ], [ 18.137848432883381, 50.475464718714221 ], [ 18.137730880078543, 50.475626590570613 ], [ 18.13818319972501, 50.475715313437242 ], [ 18.140902488979862, 50.474842990975432 ], [ 18.141622200265509, 50.474497718860221 ], [ 18.141828676583291, 50.474422507291855 ], [ 18.142225268677603, 50.47433248893762 ], [ 18.14262023522285, 50.47424283870518 ], [ 18.1431090449402, 50.474091163915375 ], [ 18.143399477483339, 50.474375997905874 ] ] ], [ [ [ 18.141256474820771, 50.480679811757099 ], [ 18.141276285438114, 50.480713072601375 ], [ 18.142284936937653, 50.480097878858416 ], [ 18.144013729755244, 50.479043392680829 ], [ 18.144474814110719, 50.47876624087133 ], [ 18.145216681664326, 50.478320303246207 ], [ 18.146218562826547, 50.477718035959043 ], [ 18.146187255382078, 50.477683270537341 ], [ 18.14432835104834, 50.475618602015729 ], [ 18.144378557894857, 50.475570751906254 ], [ 18.144360639081665, 50.475563514820095 ], [ 18.143540934747847, 50.47523245314995 ], [ 18.142749978305286, 50.475697580880954 ], [ 18.142239864348163, 50.475997352338553 ], [ 18.141903728455112, 50.47619495032874 ], [ 18.141907994412531, 50.476200471603882 ], [ 18.141914738343633, 50.476209604963081 ], [ 18.141429264080084, 50.476619582859868 ], [ 18.141077939845189, 50.477032343808723 ], [ 18.140848393895769, 50.477562863345653 ], [ 18.140611157021794, 50.477848542327216 ], [ 18.140406140909775, 50.478215512203178 ], [ 18.140303098390383, 50.478346817298274 ], [ 18.140127029411424, 50.478571321175416 ], [ 18.140055589376086, 50.478662373940132 ], [ 18.141044641354295, 50.480324076726646 ], [ 18.141256231847837, 50.480679959550876 ], [ 18.141256474820771, 50.480679811757099 ] ] ] ] } },
{ "type": "Feature", "properties": { "name": "Biesiec Skała" }, "geometry": { "type": "Polygon", "coordinates": [ [ [ 18.132136790334318, 50.479526068496043 ], [ 18.131622610604868, 50.479720320121139 ], [ 18.131547404518422, 50.479753082506875 ], [ 18.130602368939243, 50.480282892993792 ], [ 18.129594973078426, 50.480791296145888 ], [ 18.129506912585079, 50.481125836055007 ], [ 18.129484448815198, 50.481327902649333 ], [ 18.129530800258134, 50.481444930025255 ], [ 18.129671200188501, 50.481576964611385 ], [ 18.129691810361145, 50.481667710456406 ], [ 18.129694236670066, 50.481758230372002 ], [ 18.129719166027574, 50.48196694868443 ], [ 18.12972184620789, 50.481989909033288 ], [ 18.129738343657682, 50.482128034084241 ], [ 18.130105418868116, 50.482032179692553 ], [ 18.131100054611576, 50.481613369035728 ], [ 18.132176725661729, 50.48137184692493 ], [ 18.132651976702686, 50.480965342572382 ], [ 18.133274544153242, 50.480466379765055 ], [ 18.133228754873574, 50.480419265501048 ], [ 18.132611694525718, 50.479771615838679 ], [ 18.132398691571883, 50.479459559911476 ], [ 18.132136790334318, 50.479526068496043 ] ] ] } },
{ "type": "Feature", "properties": { "name": "Ligota Dolna" }, "geometry": { "type": "Polygon", "coordinates": [ [ [ 18.126435217852759, 50.482514371045518 ], [ 18.126744726875241, 50.481830731185205 ], [ 18.127161469653313, 50.481995410427103 ], [ 18.127385226369501, 50.481954628027431 ], [ 18.127214796586557, 50.481349245250449 ], [ 18.12703799986096, 50.481410420377344 ], [ 18.126807495233411, 50.481534766583941 ], [ 18.12682990113802, 50.481710055550082 ], [ 18.126738814784702, 50.481747950555288 ], [ 18.126718639758504, 50.481686016238463 ], [ 18.126701883525435, 50.481473556263168 ], [ 18.126786030402023, 50.481389521632401 ], [ 18.126882353216072, 50.481332993738363 ], [ 18.127027798089184, 50.481288135453333 ], [ 18.12712800021065, 50.481261523829346 ], [ 18.127209525874616, 50.481239872973504 ], [ 18.127473269137479, 50.481230541625088 ], [ 18.127474244203999, 50.481231061268119 ], [ 18.127702251929183, 50.481352667546297 ], [ 18.127886545191991, 50.48118568149664 ], [ 18.128340400392712, 50.480774449952712 ], [ 18.128096877176077, 50.480687088700954 ], [ 18.127611246727096, 50.480603054601957 ], [ 18.127609756892937, 50.480602800357396 ], [ 18.12704306142756, 50.480626606469336 ], [ 18.126421565059868, 50.480652713531754 ], [ 18.125863158678907, 50.480729731675808 ], [ 18.124949256903648, 50.480855772175723 ], [ 18.124658096509584, 50.48094196980017 ], [ 18.124475580820338, 50.480996000153937 ], [ 18.123304626271469, 50.481342644975044 ], [ 18.123215131979798, 50.481369135771224 ], [ 18.122713791139041, 50.481557300088973 ], [ 18.122402603077905, 50.481674096112222 ], [ 18.122025515593307, 50.481840389788935 ], [ 18.121886795103645, 50.481901563835777 ], [ 18.121052886808311, 50.482269303213606 ], [ 18.121052620878626, 50.48226942087468 ], [ 18.121006857705005, 50.482379066240583 ], [ 18.120897352218805, 50.482641459098829 ], [ 18.120935615732265, 50.48268525157571 ], [ 18.121004388153704, 50.482721365054502 ], [ 18.121209544808821, 50.482779495258306 ], [ 18.12132437026759, 50.482812029593234 ], [ 18.121333348446569, 50.482811454147495 ], [ 18.121591894103087, 50.482794692338807 ], [ 18.121645852568008, 50.482788312049507 ], [ 18.121687992455385, 50.482783334679155 ], [ 18.121793768523059, 50.482723217452779 ], [ 18.121886067993369, 50.482670780697546 ], [ 18.122084374502027, 50.48265421776555 ], [ 18.122174158945164, 50.482646716289402 ], [ 18.122573506963807, 50.482613359166798 ], [ 18.122856857687992, 50.482659473227741 ], [ 18.123151814080281, 50.482707480283636 ], [ 18.123510277995191, 50.482866292331444 ], [ 18.123746099146913, 50.483000739852343 ], [ 18.123805873859261, 50.483034820608381 ], [ 18.123805871024491, 50.483034973913171 ], [ 18.123800703361759, 50.483189237180163 ], [ 18.123798855692669, 50.483244465548147 ], [ 18.124076881284818, 50.483499333035908 ], [ 18.124595581483597, 50.483118225944587 ], [ 18.124669069655763, 50.483064231919954 ], [ 18.126735903071687, 50.482865792011957 ], [ 18.126435217852759, 50.482514371045518 ] ] ] } },
{ "type": "Feature", "properties": { "name": "Płużnica" }, "geometry": { "type": "Polygon", "coordinates": [ [ [ 18.452023567793496, 50.491191330609894 ], [ 18.449803326902469, 50.489980951813074 ], [ 18.449189989727461, 50.489646546090746 ], [ 18.448856679595224, 50.48942420489869 ], [ 18.448814246649878, 50.489447393770412 ], [ 18.448598847171098, 50.489841211187155 ], [ 18.448378964294065, 50.490038442814807 ], [ 18.447491114930823, 50.490740963391673 ], [ 18.44733476050385, 50.490889517334082 ], [ 18.447344153128213, 50.491246819312501 ], [ 18.452023567793496, 50.491191330609894 ] ] ] } },
{ "type": "Feature", "properties": { "name": "Przyłęk" }, "geometry": { "type": "Polygon", "coordinates": [ [ [ 17.326855804090702, 50.395737456092412 ], [ 17.326189415812532, 50.396283692999511 ], [ 17.326104732070277, 50.396350310483754 ], [ 17.326810373441628, 50.396867886696278 ], [ 17.326960624447249, 50.3969178214452 ], [ 17.328041868212146, 50.395853478249229 ], [ 17.326855804090702, 50.395737456092412 ] ] ] } },
{ "type": "Feature", "properties": { "name": "Śnieżyca" }, "geometry": { "type": "Polygon", "coordinates": [ [ [ 17.327333651750422, 50.403834023693697 ], [ 17.327089226676037, 50.403767531671527 ], [ 17.327308409310245, 50.403455524093083 ], [ 17.327282496053023, 50.40344777254267 ], [ 17.325701341233522, 50.403165373862123 ], [ 17.32524609282228, 50.404012080401863 ], [ 17.325407217744438, 50.404409089887764 ], [ 17.325469257036133, 50.404562029851256 ], [ 17.325820939206327, 50.404932636782277 ], [ 17.325860209740252, 50.405264286563984 ], [ 17.325886188460817, 50.405453863394357 ], [ 17.326264734386704, 50.405557735029667 ], [ 17.326382516143649, 50.405283318569147 ], [ 17.326783955580169, 50.404856975670135 ], [ 17.327023308073276, 50.404388174395173 ], [ 17.327333651750422, 50.403834023693697 ] ] ] } },
{ "type": "Feature", "properties": { "name": "Mańkowice" }, "geometry": { "type": "MultiPolygon", "coordinates": [ [ [ [ 17.467360568927052, 50.504675428545461 ], [ 17.469340342945415, 50.505157016254998 ], [ 17.471910561782487, 50.505773322455646 ], [ 17.473224651567509, 50.506098631106816 ], [ 17.475718350063048, 50.506732670677145 ], [ 17.475678141898982, 50.506587458895531 ], [ 17.475610751564624, 50.506541492896602 ], [ 17.474041556947377, 50.505471130627811 ], [ 17.472568740231718, 50.504470328505924 ], [ 17.472363360846686, 50.504231786362922 ], [ 17.47231268778102, 50.504171408746849 ], [ 17.472262799451673, 50.504111965966509 ], [ 17.471864136531252, 50.504082545145785 ], [ 17.471771298985725, 50.504031448190219 ], [ 17.471746754759526, 50.504017939795247 ], [ 17.471668643251707, 50.503901185888161 ], [ 17.472140458826072, 50.503428940056445 ], [ 17.472167453983388, 50.503263385884459 ], [ 17.472626750932196, 50.502759136595877 ], [ 17.47286092580681, 50.502424145335439 ], [ 17.472846556010378, 50.502391608231818 ], [ 17.473429641597793, 50.502426404077561 ], [ 17.474020014173156, 50.502549436438727 ], [ 17.474505713648515, 50.502470000126237 ], [ 17.474799732409924, 50.50246723753655 ], [ 17.47463410369734, 50.502178276471547 ], [ 17.474441049379802, 50.502018857978797 ], [ 17.474376422054483, 50.501965652740601 ], [ 17.474280884837718, 50.501924819835864 ], [ 17.474112418839855, 50.501936148719103 ], [ 17.473850154901278, 50.501944939525657 ], [ 17.473494951264129, 50.501808999347034 ], [ 17.473167124196141, 50.50159801114858 ], [ 17.472750905332948, 50.501494086464426 ], [ 17.472546768844992, 50.50135585949495 ], [ 17.472262496398692, 50.501208191315783 ], [ 17.471935876608732, 50.501202924688322 ], [ 17.471431533005404, 50.501127902806068 ], [ 17.471028947746426, 50.501052008629671 ], [ 17.470813874096017, 50.500904069582489 ], [ 17.470715161291739, 50.50072014309535 ], [ 17.470446490582866, 50.500551205993943 ], [ 17.46971455931466, 50.500338197670594 ], [ 17.469715521454848, 50.500145787104152 ], [ 17.469486352703182, 50.500015204457156 ], [ 17.469338909846716, 50.49979954329892 ], [ 17.468482463596235, 50.499253415569683 ], [ 17.46784852218817, 50.499359382257303 ], [ 17.467598747268813, 50.499176791060798 ], [ 17.467554555039424, 50.498981095277223 ], [ 17.467204408975991, 50.498781212931242 ], [ 17.467153987723663, 50.498550495639165 ], [ 17.467230369342722, 50.498316208006457 ], [ 17.466808963267898, 50.497986448052124 ], [ 17.466049738069184, 50.49772626123233 ], [ 17.465620774646744, 50.49774107771173 ], [ 17.465441787220797, 50.49799315180627 ], [ 17.465491164205478, 50.498579913995222 ], [ 17.466109499214863, 50.49938573812971 ], [ 17.466011355663138, 50.499834156468012 ], [ 17.466461899608248, 50.500719352538646 ], [ 17.466400007523013, 50.500810585702418 ], [ 17.464385278714946, 50.50396762135076 ], [ 17.466533179944424, 50.504481574543796 ], [ 17.467360568927052, 50.504675428545461 ] ] ], [ [ [ 17.464251169314103, 50.50392868618971 ], [ 17.466299184606282, 50.500683609301738 ], [ 17.466011927944688, 50.500118262888805 ], [ 17.465838944871805, 50.499808369164029 ], [ 17.465938575427664, 50.49936443618121 ], [ 17.465341749373579, 50.498580041398547 ], [ 17.465267247636518, 50.498007837066815 ], [ 17.465325497665329, 50.497784464281587 ], [ 17.465523295437123, 50.497644646536187 ], [ 17.466032326394565, 50.497646812065867 ], [ 17.465889216808421, 50.49702715866038 ], [ 17.466014535542577, 50.496769159266421 ], [ 17.465846257676166, 50.496319875345634 ], [ 17.46526040785378, 50.495932799730653 ], [ 17.465216744430808, 50.495767668319949 ], [ 17.464913003995985, 50.495559368696917 ], [ 17.464725286624557, 50.495377244418705 ], [ 17.464958188007056, 50.495229993976125 ], [ 17.464662302526893, 50.495069291193424 ], [ 17.464340688258794, 50.495054415672463 ], [ 17.464115832744717, 50.494842875484075 ], [ 17.463636194762067, 50.494818292805235 ], [ 17.463027976414256, 50.494774809123001 ], [ 17.462784158986256, 50.494441120955599 ], [ 17.462433362396322, 50.494450715213461 ], [ 17.461353591126894, 50.494695458655329 ], [ 17.460860381799524, 50.494617911335347 ], [ 17.459947395516341, 50.494723043401123 ], [ 17.459882462205648, 50.494708831377267 ], [ 17.458806573594192, 50.494353206887403 ], [ 17.458735210707083, 50.494384261885237 ], [ 17.45832286575477, 50.494337620731066 ], [ 17.458104096852278, 50.494403844074654 ], [ 17.457926768654378, 50.494503950125413 ], [ 17.457756219370268, 50.494672340050684 ], [ 17.457312867911813, 50.494625906247428 ], [ 17.456606708015482, 50.494456284129683 ], [ 17.456339260850825, 50.494411081034002 ], [ 17.456290809461333, 50.494192301523888 ], [ 17.456192442506811, 50.494125538349948 ], [ 17.456196359258648, 50.49404774111747 ], [ 17.45406197904898, 50.492741103605887 ], [ 17.454006857721126, 50.492749934456697 ], [ 17.45393747067234, 50.492839476586589 ], [ 17.453887892092926, 50.493360344612157 ], [ 17.453719091699917, 50.493340648147274 ], [ 17.453660858225117, 50.493546700389437 ], [ 17.453416382580073, 50.493939724891035 ], [ 17.452831980176569, 50.494373338078191 ], [ 17.452571197278122, 50.494411366021737 ], [ 17.452382026937222, 50.494559328024252 ], [ 17.451823929227167, 50.494828353097724 ], [ 17.45169867442614, 50.494921908573524 ], [ 17.451866050807066, 50.49515481269767 ], [ 17.45230202157196, 50.495019963905136 ], [ 17.452533079671529, 50.495144828095007 ], [ 17.452571259641402, 50.495474689251246 ], [ 17.452627468126401, 50.496331126929157 ], [ 17.452532082594459, 50.496452800415128 ], [ 17.452385883640311, 50.496574206814529 ], [ 17.452254012152565, 50.49668210423831 ], [ 17.452858784250591, 50.496953493083879 ], [ 17.453254898891089, 50.497181194322856 ], [ 17.453520732337481, 50.497461865786995 ], [ 17.453590367271897, 50.497681289964838 ], [ 17.453581209247638, 50.497888656695814 ], [ 17.453506977685908, 50.498165304046573 ], [ 17.453356864145736, 50.498568270492576 ], [ 17.454339378299711, 50.499491973552274 ], [ 17.454786856769584, 50.499656077995539 ], [ 17.455204535297376, 50.500217598850085 ], [ 17.455389861922271, 50.500416615438638 ], [ 17.456001829690404, 50.500877180334278 ], [ 17.456331758519969, 50.501121252650314 ], [ 17.456411790731416, 50.501347008202472 ], [ 17.456413187871522, 50.501608002400559 ], [ 17.456287668501268, 50.501857900702767 ], [ 17.457857735994484, 50.501838237424735 ], [ 17.458359249888215, 50.502503136814489 ], [ 17.459822846406503, 50.5028471068741 ], [ 17.461963352594484, 50.503362482725137 ], [ 17.464251169314103, 50.50392868618971 ] ] ] ] } },
{ "type": "Feature", "properties": { "name": "Skałki Stoleckie" }, "geometry": { "type": "Polygon", "coordinates": [ [ [ 16.876975769261001, 50.59751312888757 ], [ 16.876089585172117, 50.597159130438591 ], [ 16.87605459648848, 50.597145086688826 ], [ 16.875462235782923, 50.597027845738509 ], [ 16.875232909989997, 50.596743404211466 ], [ 16.874855483523294, 50.596787709694397 ], [ 16.874465528089196, 50.596943798184775 ], [ 16.874399888902953, 50.59697004092439 ], [ 16.873687050286417, 50.597255367656949 ], [ 16.873694110983092, 50.597261794503609 ], [ 16.874964521990531, 50.597709015269317 ], [ 16.875451422164474, 50.597622621413855 ], [ 16.875463435065917, 50.597625809607301 ], [ 16.875598908959336, 50.59848208090505 ], [ 16.875613301932432, 50.598573050934725 ], [ 16.87622729600027, 50.598294996672664 ], [ 16.876880778225928, 50.59790888524072 ], [ 16.876975769261001, 50.59751312888757 ] ] ] } },
{ "type": "Feature", "properties": { "name": "Muszkowicki Las Bukowy" }, "geometry": { "type": "Polygon", "coordinates": [ [ [ 16.951732646764317, 50.641597003255583 ], [ 16.951656176098787, 50.641387110973618 ], [ 16.951312949880666, 50.641194839571433 ], [ 16.951517008078849, 50.641044311807043 ], [ 16.951690266724963, 50.641143265307157 ], [ 16.95170338075167, 50.641150783379814 ], [ 16.951724441190446, 50.641148004805459 ], [ 16.951939149250663, 50.641120201036429 ], [ 16.952024061125947, 50.641025337408074 ], [ 16.952097370821377, 50.640943495149564 ], [ 16.952624683994731, 50.640513717087408 ], [ 16.952634511637459, 50.640505702665131 ], [ 16.952653432690759, 50.640490290694444 ], [ 16.953143222631244, 50.640292150135345 ], [ 16.953796972736644, 50.639947719652646 ], [ 16.953814056911764, 50.639938752978672 ], [ 16.95391194029132, 50.639887120919376 ], [ 16.954466252924394, 50.63963639685398 ], [ 16.954737232420005, 50.639377906577934 ], [ 16.95472261574481, 50.639375670617241 ], [ 16.954329437163096, 50.63931684516416 ], [ 16.953227851501097, 50.639152023492812 ], [ 16.952708171465432, 50.638960703979741 ], [ 16.9525379175486, 50.638929461272809 ], [ 16.951833228327274, 50.639036641015409 ], [ 16.950173640958091, 50.638660797964683 ], [ 16.948572483748706, 50.638337512290917 ], [ 16.947992163193625, 50.638382711270985 ], [ 16.947454856057789, 50.638424526753312 ], [ 16.945197541269575, 50.637965563240897 ], [ 16.944038607134328, 50.637725139155727 ], [ 16.943804448691726, 50.638646066039492 ], [ 16.943801032713431, 50.638659501071871 ], [ 16.943725550841023, 50.638956145549862 ], [ 16.943675841575843, 50.639151760054162 ], [ 16.943672409822042, 50.639165554679252 ], [ 16.943646640119354, 50.639266494677678 ], [ 16.943643216196829, 50.639280109502202 ], [ 16.943931245673138, 50.639439400629549 ], [ 16.944451353810194, 50.63972721366455 ], [ 16.944556877523869, 50.639863849135978 ], [ 16.944636152269723, 50.639966552923262 ], [ 16.945254493319631, 50.640130319132972 ], [ 16.945741227073484, 50.640268909031022 ], [ 16.946591033952991, 50.640510704295991 ], [ 16.947140717656126, 50.640721113471329 ], [ 16.947207240515311, 50.640746487438946 ], [ 16.947771833729149, 50.640754456606423 ], [ 16.947852004653601, 50.640755599139112 ], [ 16.948185580924878, 50.640824723515728 ], [ 16.948752744374584, 50.641485186925536 ], [ 16.949528350341392, 50.642356514890942 ], [ 16.949544128522927, 50.64237433654263 ], [ 16.949581277981739, 50.642388755692124 ], [ 16.94978553168243, 50.642468014612845 ], [ 16.950392180904501, 50.642111527934361 ], [ 16.95070828168199, 50.641925725893337 ], [ 16.951976094338416, 50.642850859757786 ], [ 16.952004621973071, 50.642773988204226 ], [ 16.952048186598571, 50.642657164984804 ], [ 16.952068867761049, 50.642601298118493 ], [ 16.95192284482588, 50.642084109550296 ], [ 16.951732646764317, 50.641597003255583 ] ] ] } },
{ "type": "Feature", "properties": { "name": "Dębina" }, "geometry": { "type": "MultiPolygon", "coordinates": [ [ [ [ 17.482756827868343, 50.666111647176841 ], [ 17.486087629370154, 50.669852080175367 ], [ 17.486272381221468, 50.670058896724065 ], [ 17.486562091066194, 50.670383287737415 ], [ 17.487067176221046, 50.670198575050328 ], [ 17.487333755515756, 50.670101082227269 ], [ 17.488179634918673, 50.66979172307007 ], [ 17.488316782022483, 50.669545136727443 ], [ 17.488450356707325, 50.66930511569349 ], [ 17.488576923726505, 50.668886002235716 ], [ 17.488470362604062, 50.668532324089902 ], [ 17.488579819178451, 50.668126833061386 ], [ 17.488655698412725, 50.667845741819569 ], [ 17.488030034368066, 50.667347326474669 ], [ 17.487937825775496, 50.666462487783122 ], [ 17.487853744112606, 50.666229942001564 ], [ 17.487102860668198, 50.665999518685489 ], [ 17.487241254701253, 50.665485462762682 ], [ 17.487273002938622, 50.665312516647646 ], [ 17.487834468156535, 50.664732612640421 ], [ 17.48781698454054, 50.664457369647643 ], [ 17.487946263351827, 50.6644206325428 ], [ 17.487310861203675, 50.663619089042797 ], [ 17.48595892401816, 50.664400737047146 ], [ 17.482756827868343, 50.666111647176841 ] ] ], [ [ [ 17.485448564033813, 50.671339567810207 ], [ 17.485424290664643, 50.671352318885504 ], [ 17.485190949723158, 50.671474854231093 ], [ 17.484828581998954, 50.671768101095033 ], [ 17.484431869473788, 50.671958342282601 ], [ 17.484224608810869, 50.672112362959304 ], [ 17.482954233287423, 50.672523157604488 ], [ 17.482809330416938, 50.67281967779558 ], [ 17.482755322035302, 50.673116693163884 ], [ 17.482747402920573, 50.673161526446059 ], [ 17.482730602193669, 50.67332064937878 ], [ 17.482789337252225, 50.673536335379744 ], [ 17.482790712963816, 50.67357799498938 ], [ 17.482805029690351, 50.674011187718278 ], [ 17.482939808469524, 50.674283461927949 ], [ 17.483332804605535, 50.674455458262784 ], [ 17.483598398986214, 50.6744948981231 ], [ 17.483936375079139, 50.67466095953953 ], [ 17.484060773864666, 50.674952439134742 ], [ 17.484235677831531, 50.675029744066705 ], [ 17.484405484787587, 50.675489685757711 ], [ 17.4843850042333, 50.675514520334929 ], [ 17.484516080766319, 50.676249335407903 ], [ 17.485321601451869, 50.677206130321153 ], [ 17.48572054183467, 50.678052109898914 ], [ 17.485583765509968, 50.67808298768901 ], [ 17.485592892689812, 50.67813825578331 ], [ 17.48574493420643, 50.67810379548969 ], [ 17.486765841558828, 50.679219825288648 ], [ 17.488277272887348, 50.680155445062127 ], [ 17.48815175645219, 50.680258711850101 ], [ 17.488326225772742, 50.680403297102849 ], [ 17.488715177311825, 50.680567245552893 ], [ 17.488848996176728, 50.680623651607597 ], [ 17.489041879345322, 50.680682685676409 ], [ 17.489552874378628, 50.680846145498315 ], [ 17.490263031054926, 50.681141902471268 ], [ 17.490666283878298, 50.681248333429117 ], [ 17.490822722216489, 50.68135057974785 ], [ 17.491171823986903, 50.681450099768583 ], [ 17.491197881312836, 50.68149415801593 ], [ 17.491631790521595, 50.681655772909281 ], [ 17.492300460683044, 50.681742604032209 ], [ 17.492807624917816, 50.681377074824155 ], [ 17.493352472789759, 50.681249445738764 ], [ 17.493081915762559, 50.680088239746887 ], [ 17.492660580958759, 50.678389956982031 ], [ 17.492516822522745, 50.677810406313519 ], [ 17.492263105798074, 50.676787541540335 ], [ 17.492226055457092, 50.676636972763362 ], [ 17.49215902505172, 50.676327717983341 ], [ 17.49201540252113, 50.675664967184296 ], [ 17.491727576590222, 50.675148001004636 ], [ 17.491092831973436, 50.675105509557426 ], [ 17.490574939024626, 50.674695048719101 ], [ 17.490191420622615, 50.674504119738806 ], [ 17.489883064880054, 50.674350610712196 ], [ 17.489085233727071, 50.674065703459405 ], [ 17.488780757709982, 50.673900988990965 ], [ 17.488690092294682, 50.673748497040101 ], [ 17.487772243766521, 50.674136836227468 ], [ 17.487589786472544, 50.673656888638668 ], [ 17.487424518355493, 50.673222309617252 ], [ 17.487287349294249, 50.672841887084275 ], [ 17.48724882061699, 50.672521319988654 ], [ 17.487370527061575, 50.671729875255572 ], [ 17.487897437833851, 50.670558195624103 ], [ 17.485448564033813, 50.671339567810207 ] ] ] ] } },
{ "type": "Feature", "properties": { "name": "Kokorycz" }, "geometry": { "type": "Polygon", "coordinates": [ [ [ 17.497745141576079, 50.702634184821818 ], [ 17.49826529404578, 50.702506393408036 ], [ 17.498830103813599, 50.702497205887973 ], [ 17.498976167941542, 50.702598855600939 ], [ 17.498965529607638, 50.702892086912115 ], [ 17.49848714107101, 50.703060542823998 ], [ 17.498540646823777, 50.703163879496245 ], [ 17.49986799619732, 50.703395531278282 ], [ 17.500266551915704, 50.703620168976755 ], [ 17.500720693438566, 50.703630059732539 ], [ 17.501426792182546, 50.703824103236606 ], [ 17.501492985532721, 50.703543011306309 ], [ 17.502648339481791, 50.702312775972821 ], [ 17.50320480534856, 50.701230835234647 ], [ 17.503283081530064, 50.700738844956639 ], [ 17.50304211885345, 50.699155375883478 ], [ 17.503062842501432, 50.69862018401475 ], [ 17.503098304358232, 50.697826718488258 ], [ 17.503285146819223, 50.697105547753054 ], [ 17.503336621315103, 50.696173744983568 ], [ 17.502993172005731, 50.695443245094111 ], [ 17.50265878432484, 50.694650786997329 ], [ 17.501962056799385, 50.69376217662689 ], [ 17.500287728326597, 50.69277417382245 ], [ 17.499276641476815, 50.69254731757615 ], [ 17.499291429526124, 50.693468546335104 ], [ 17.498665187373561, 50.693905888060279 ], [ 17.498219719426295, 50.694066488826699 ], [ 17.49795027388976, 50.693988348905947 ], [ 17.497669988097545, 50.693748673936504 ], [ 17.497602820673777, 50.693545751312769 ], [ 17.497674704521579, 50.693290822902462 ], [ 17.496721841969631, 50.693484372671939 ], [ 17.497138907236007, 50.694061914059368 ], [ 17.497171964337909, 50.6941043520454 ], [ 17.497252023871571, 50.694085593852613 ], [ 17.497325192553983, 50.694113885620943 ], [ 17.497899518633631, 50.694335760419619 ], [ 17.498567816325473, 50.695527023615192 ], [ 17.497409535378118, 50.695831552705741 ], [ 17.497986065460431, 50.696698758177035 ], [ 17.497263906063726, 50.696767358542274 ], [ 17.496677063646946, 50.696019035955594 ], [ 17.496125017250598, 50.696043492476576 ], [ 17.496162027163763, 50.696312329045384 ], [ 17.496116942858997, 50.696468642450526 ], [ 17.496344100194179, 50.696810822937188 ], [ 17.49696285337021, 50.697110373232654 ], [ 17.497289176821141, 50.697572041656791 ], [ 17.497051074171402, 50.697904262840062 ], [ 17.496508062763091, 50.698323143269661 ], [ 17.496101147498802, 50.698813407147206 ], [ 17.496344333601304, 50.699075548342435 ], [ 17.496132145853085, 50.699341081338076 ], [ 17.496283453477492, 50.699411224115813 ], [ 17.496707625282177, 50.699440086033796 ], [ 17.496486284007268, 50.700155763490855 ], [ 17.49671972378551, 50.700231284565184 ], [ 17.496930929036729, 50.700062809045022 ], [ 17.497244302292522, 50.699950889430418 ], [ 17.497486634244183, 50.700054050320446 ], [ 17.497559514744285, 50.70024679109391 ], [ 17.497991831118327, 50.700699297206725 ], [ 17.498013184890088, 50.700842252811498 ], [ 17.497896381937888, 50.70092900055765 ], [ 17.497731492170388, 50.700946849141168 ], [ 17.497535615300098, 50.70091481446682 ], [ 17.497427285203919, 50.700949046031845 ], [ 17.497147111588429, 50.701568784270115 ], [ 17.496690979738243, 50.702113474385605 ], [ 17.496660644397284, 50.70252160318244 ], [ 17.496758816677637, 50.702677759783747 ], [ 17.496744902261305, 50.702726365405489 ], [ 17.497745141576079, 50.702634184821818 ] ] ] } },
{ "type": "Feature", "properties": { "name": "Przylesie" }, "geometry": { "type": "MultiPolygon", "coordinates": [ [ [ [ 17.349494108338909, 50.802019631503377 ], [ 17.349568896874167, 50.802023807270494 ], [ 17.349584766650885, 50.802024661568616 ], [ 17.349816534380306, 50.802037479399154 ], [ 17.349939607441531, 50.802043742868719 ], [ 17.35000712095491, 50.801804140153074 ], [ 17.349512946243689, 50.801981861204631 ], [ 17.349494108338909, 50.802019631503377 ] ] ], [ [ [ 17.353116470692495, 50.802205420705299 ], [ 17.353609049273647, 50.801001356292822 ], [ 17.353869630546079, 50.800849489094709 ], [ 17.353896442519854, 50.800833854173469 ], [ 17.353902815200154, 50.800830255649245 ], [ 17.354099556775608, 50.799048985190083 ], [ 17.354846484849077, 50.799094428683219 ], [ 17.355304163792368, 50.799122204596294 ], [ 17.355401209173916, 50.79912771130374 ], [ 17.356906735261671, 50.799213883220929 ], [ 17.357894157483969, 50.799279068074348 ], [ 17.357936502220731, 50.799281913305968 ], [ 17.357939119009462, 50.799263957645962 ], [ 17.357942174013374, 50.799241599992563 ], [ 17.358115989413562, 50.798012640080223 ], [ 17.358122426941236, 50.797966669892027 ], [ 17.358130257765023, 50.79796703078528 ], [ 17.360039219134574, 50.798054991811519 ], [ 17.360269477390034, 50.796537862745339 ], [ 17.358343261745905, 50.796461938608452 ], [ 17.35833528986268, 50.796461624320408 ], [ 17.358292903529442, 50.796460038110581 ], [ 17.356992914639207, 50.79640871597347 ], [ 17.356046448380134, 50.79637144907953 ], [ 17.356016351666792, 50.7971401147691 ], [ 17.356013157418527, 50.797154283828093 ], [ 17.35584694365641, 50.797882076898823 ], [ 17.353685724110225, 50.797757489680947 ], [ 17.353560908505809, 50.797900027749812 ], [ 17.353398506447611, 50.798078020078407 ], [ 17.353240371867837, 50.79825976089991 ], [ 17.353079035991577, 50.798439657052349 ], [ 17.35292056180543, 50.79861887369416 ], [ 17.352672262329566, 50.798885974362641 ], [ 17.352648675491931, 50.798943127295594 ], [ 17.352643566453139, 50.798955200079959 ], [ 17.352643341941366, 50.798961584250534 ], [ 17.352567976978154, 50.798957191141831 ], [ 17.351902900789572, 50.798917477761783 ], [ 17.351150009298319, 50.799420702746836 ], [ 17.350753665900253, 50.799920778558771 ], [ 17.350759515444878, 50.800423931895381 ], [ 17.350762564538908, 50.800688105063351 ], [ 17.350767213178582, 50.801056027652969 ], [ 17.350978833070787, 50.801222571683574 ], [ 17.350968190831679, 50.801339372522499 ], [ 17.350275079820154, 50.80170777356404 ], [ 17.350211688516286, 50.801730571106951 ], [ 17.350212848704, 50.802057648741489 ], [ 17.353116470692495, 50.802205420705299 ] ] ] ] } },
{ "type": "Feature", "properties": { "name": "Grodzisko Ryczyńskie" }, "geometry": { "type": "MultiPolygon", "coordinates": [ [ [ [ 17.411421259626312, 50.92753360430325 ], [ 17.411163821476645, 50.927364664228065 ], [ 17.410767630458903, 50.927094608740838 ], [ 17.410674474021594, 50.926987907224365 ], [ 17.410489427943197, 50.926845949614183 ], [ 17.410326511516875, 50.926739647399138 ], [ 17.410196480699035, 50.926503800264321 ], [ 17.410084658418317, 50.92646035598527 ], [ 17.410084658418278, 50.92646035598522 ], [ 17.409931392654759, 50.92640087398712 ], [ 17.409734725615703, 50.926324337873893 ], [ 17.409734725615689, 50.926324337873893 ], [ 17.409339707670881, 50.926170611977049 ], [ 17.40914680685913, 50.926083870709483 ], [ 17.409044634966421, 50.925957883465856 ], [ 17.409004852363992, 50.925784707615335 ], [ 17.408916892423814, 50.925454974051618 ], [ 17.408909896960584, 50.925436136766201 ], [ 17.408888163487632, 50.925432536693513 ], [ 17.408418341784895, 50.925354711275176 ], [ 17.408405350367634, 50.925352559231577 ], [ 17.408196011370684, 50.925862438503223 ], [ 17.407905627701329, 50.926525547190721 ], [ 17.40771189637627, 50.926967933177934 ], [ 17.407706039158708, 50.92698130800968 ], [ 17.407714645808696, 50.926986801631777 ], [ 17.408221412831178, 50.927310267073743 ], [ 17.408600632180033, 50.927497318745495 ], [ 17.408992591063157, 50.927690651395778 ], [ 17.409897689186977, 50.927952993857353 ], [ 17.411635433644744, 50.928358029653872 ], [ 17.411828843289108, 50.928407079339699 ], [ 17.411864179855716, 50.928416040830101 ], [ 17.412014351347942, 50.928454104149253 ], [ 17.412020684714076, 50.928455709434608 ], [ 17.412058435110701, 50.928426851150839 ], [ 17.412057659091033, 50.928382760109017 ], [ 17.411926643675585, 50.928091846001657 ], [ 17.411832801755192, 50.927938266867159 ], [ 17.411729934493238, 50.927773859603896 ], [ 17.411421259626312, 50.92753360430325 ] ] ], [ [ [ 17.407301396350192, 50.926078950248687 ], [ 17.407116768586718, 50.926154336888466 ], [ 17.407111789819016, 50.926287590051324 ], [ 17.407271731140099, 50.926368217543434 ], [ 17.407448007128224, 50.926374850435884 ], [ 17.407534717812567, 50.926290750933092 ], [ 17.407466615745744, 50.926167565986404 ], [ 17.407301396350192, 50.926078950248687 ] ] ] ] } },
{ "type": "Feature", "properties": { "name": "Kanigóra" }, "geometry": { "type": "MultiPolygon", "coordinates": [ [ [ [ 17.393099353396035, 50.941796596095955 ], [ 17.392889240690799, 50.942348398505658 ], [ 17.39288859823397, 50.942457871163874 ], [ 17.392887384296305, 50.942720178241288 ], [ 17.392883327421835, 50.943304413511925 ], [ 17.392857095599872, 50.943557200263548 ], [ 17.392929493263487, 50.943514116297486 ], [ 17.393592526822435, 50.94312021898358 ], [ 17.393807759838253, 50.942713051776316 ], [ 17.393670061395817, 50.942188578987675 ], [ 17.393649335828744, 50.942174350026704 ], [ 17.393099353396035, 50.941796596095955 ] ] ], [ [ [ 17.390548107464049, 50.940578389858906 ], [ 17.390365282064277, 50.940994904120608 ], [ 17.390213531643877, 50.94134023822226 ], [ 17.389405842695282, 50.943179940267484 ], [ 17.390573550471171, 50.942802106428616 ], [ 17.390802476986746, 50.942811469022992 ], [ 17.392562617699749, 50.943396435978407 ], [ 17.392702550960355, 50.943442982595712 ], [ 17.392704077210752, 50.943431758588915 ], [ 17.392712165628549, 50.943345868042336 ], [ 17.392709707159256, 50.942938224805197 ], [ 17.392723942132193, 50.942393352232592 ], [ 17.392725009528707, 50.942354144300431 ], [ 17.392852063160859, 50.942026729029585 ], [ 17.392954143277684, 50.941750427091669 ], [ 17.392056960709624, 50.941081725503153 ], [ 17.391679570934254, 50.941157941570296 ], [ 17.391231395847093, 50.940830429371097 ], [ 17.390704566241826, 50.94022025589215 ], [ 17.390635433948063, 50.940379162272137 ], [ 17.390553055931701, 50.94056703312674 ], [ 17.390548107464049, 50.940578389858906 ] ] ] ] } },
{ "type": "Feature", "properties": { "name": "Góra Szpica" }, "geometry": { "type": "Polygon", "coordinates": [ [ [ 18.077547655863757, 50.505452168557618 ], [ 18.077539393899528, 50.505463528249251 ], [ 18.077301678707205, 50.505515351591654 ], [ 18.076841540005866, 50.505746234229747 ], [ 18.076156024518262, 50.506090208030585 ], [ 18.076185484968619, 50.506228713231579 ], [ 18.076050569698509, 50.506318324092611 ], [ 18.076035706209819, 50.506328191892159 ], [ 18.07554876765532, 50.506659344129837 ], [ 18.075423454111206, 50.507051752213592 ], [ 18.075569517269624, 50.507222220409012 ], [ 18.07549475207891, 50.507395522973695 ], [ 18.076032666302062, 50.50771277087825 ], [ 18.075757589191269, 50.507885653084401 ], [ 18.076132752975123, 50.507918948124001 ], [ 18.076142370913455, 50.507961036636999 ], [ 18.0762900031519, 50.508051360331571 ], [ 18.076443350572593, 50.508145237688566 ], [ 18.077181544809914, 50.508342440500066 ], [ 18.077579225255541, 50.508393271984502 ], [ 18.077850533572082, 50.508413683638118 ], [ 18.07800662175223, 50.508410511807078 ], [ 18.078134201862419, 50.508407923678526 ], [ 18.078358313331702, 50.508403400816967 ], [ 18.078898722964851, 50.508318435751505 ], [ 18.079004397135414, 50.508252610097756 ], [ 18.079073358081395, 50.508203046904576 ], [ 18.079336424962779, 50.508233735511851 ], [ 18.079221670449606, 50.508120915403907 ], [ 18.079148944485219, 50.508023181376458 ], [ 18.079075152810251, 50.507516112485135 ], [ 18.079212490272511, 50.507091499373907 ], [ 18.079234398657952, 50.507024021344591 ], [ 18.079677266439447, 50.506135911340671 ], [ 18.079979879528452, 50.505514383774525 ], [ 18.08001205570126, 50.505516342110575 ], [ 18.080387973088115, 50.505493931834494 ], [ 18.080665670297815, 50.505403283240796 ], [ 18.080789539816308, 50.505130741918002 ], [ 18.080737348515523, 50.504967012049136 ], [ 18.080552492307408, 50.504864263061549 ], [ 18.080299193000229, 50.504770931704954 ], [ 18.079449006971025, 50.504743655833451 ], [ 18.079318888207666, 50.504739478160445 ], [ 18.078591043374889, 50.504715997032868 ], [ 18.078020484293038, 50.504714178500485 ], [ 18.077665477117154, 50.50529117071428 ], [ 18.077547655863757, 50.505452168557618 ] ] ] } },
{ "type": "Feature", "properties": { "name": "Tęczynów" }, "geometry": { "type": "Polygon", "coordinates": [ [ [ 18.183549177906219, 50.535357983130169 ], [ 18.186838639884119, 50.534649079507652 ], [ 18.187774400920379, 50.534447351128229 ], [ 18.187774129467662, 50.534446719508097 ], [ 18.187534768777073, 50.533968436474204 ], [ 18.187306608418474, 50.53351218154797 ], [ 18.186916468756863, 50.533611293677239 ], [ 18.186841279872596, 50.533411774960122 ], [ 18.18659087391827, 50.533264738988223 ], [ 18.186607583643948, 50.533245154265401 ], [ 18.186780152816549, 50.533042957891297 ], [ 18.188157086518519, 50.532940744999543 ], [ 18.187929570811285, 50.53257841496854 ], [ 18.186705365609679, 50.530628332383792 ], [ 18.186474991979935, 50.5302611214615 ], [ 18.184298195913382, 50.526760081218548 ], [ 18.18415480025666, 50.526531564960436 ], [ 18.184089362843313, 50.526545320270905 ], [ 18.183653958078956, 50.526637087298276 ], [ 18.182346045097542, 50.526912096811984 ], [ 18.181731782061078, 50.527218507081017 ], [ 18.181537569565521, 50.527276786227297 ], [ 18.181072677733987, 50.527416285589894 ], [ 18.180163741628025, 50.52768894835166 ], [ 18.179390705328863, 50.527920819972387 ], [ 18.179592977730824, 50.528285148373548 ], [ 18.181396343923861, 50.531531760681759 ], [ 18.181405788819646, 50.531548739754705 ], [ 18.182681348184214, 50.533815631444511 ], [ 18.182869096378308, 50.534149354956732 ], [ 18.182930170231913, 50.534258096546502 ], [ 18.183020968920868, 50.534419224026941 ], [ 18.183390593462562, 50.535075923005017 ], [ 18.183548765369736, 50.535357350510921 ], [ 18.183549177906219, 50.535357983130169 ] ] ] } },
{ "type": "Feature", "properties": { "name": "Srebrne Źródła" }, "geometry": { "type": "MultiPolygon", "coordinates": [ [ [ [ 18.145094310862937, 50.650360112557891 ], [ 18.145089891838367, 50.650369705791768 ], [ 18.144635108162682, 50.651375532674891 ], [ 18.143081475640773, 50.651085694296683 ], [ 18.143241725691595, 50.650716060042846 ], [ 18.142121393108816, 50.649858781209609 ], [ 18.140700590614614, 50.64920204462674 ], [ 18.140699855347822, 50.649203568514849 ], [ 18.140695868169487, 50.649212714973217 ], [ 18.140589068835144, 50.649451579248478 ], [ 18.140588922436699, 50.649451848047008 ], [ 18.139986729567074, 50.65079994493319 ], [ 18.139986290348613, 50.650800751326251 ], [ 18.139797007572735, 50.651224592281835 ], [ 18.139587219033181, 50.651694070830509 ], [ 18.14270053173021, 50.652235759045745 ], [ 18.144133449765217, 50.652484947917266 ], [ 18.148625391449524, 50.653266204065098 ], [ 18.149258026578192, 50.651854942099881 ], [ 18.149258174559591, 50.651854583342896 ], [ 18.14935474612934, 50.651639295957608 ], [ 18.149740883614278, 50.650778054513914 ], [ 18.149781724646701, 50.650686863841294 ], [ 18.145294648917769, 50.649916822958431 ], [ 18.14509858840761, 50.650350518285919 ], [ 18.145094310862937, 50.650360112557891 ] ] ], [ [ [ 18.137180491335233, 50.652470797445957 ], [ 18.137175955017057, 50.652718422015212 ], [ 18.136906432487674, 50.652916855633116 ], [ 18.137066040185225, 50.653318986526244 ], [ 18.137538349432198, 50.653691946072065 ], [ 18.137583624041465, 50.65392419634783 ], [ 18.137836563750227, 50.654291662732902 ], [ 18.13771002473657, 50.654447885469231 ], [ 18.137770584913945, 50.654695541828673 ], [ 18.137087919288096, 50.654542235914292 ], [ 18.136994167919205, 50.655009510172647 ], [ 18.137459522514568, 50.655515828074833 ], [ 18.137701481912032, 50.655911460592677 ], [ 18.137311484125927, 50.656783605894638 ], [ 18.138915836896356, 50.656838924861006 ], [ 18.140991398089753, 50.657175664095206 ], [ 18.141235765652777, 50.65717746508264 ], [ 18.141925722037637, 50.65698023025579 ], [ 18.142049294764174, 50.656963149094025 ], [ 18.144049533140365, 50.652540275552035 ], [ 18.139558189202045, 50.6517589653226 ], [ 18.136983451897464, 50.651296551340238 ], [ 18.136981174349099, 50.651296141603616 ], [ 18.136953279334552, 50.651487748025225 ], [ 18.137229212353336, 50.65171909773926 ], [ 18.137057436459855, 50.652151250163861 ], [ 18.136998102405634, 50.652300413225397 ], [ 18.137180491335233, 50.652470797445957 ] ], [ [ 18.13786199762944, 50.655083743305752 ], [ 18.137954997625695, 50.655067409973121 ], [ 18.13795599762441, 50.655117576640123 ], [ 18.137859664295863, 50.655104909972223 ], [ 18.13786199762944, 50.655083743305752 ] ] ] ] } },
{ "type": "Feature", "properties": { "name": "Osiczyńskie Modrzewie" }, "geometry": { "type": "Polygon", "coordinates": [ [ [ 18.371902698320184, 50.813735924477172 ], [ 18.372068923841159, 50.81406839430106 ], [ 18.372090454284358, 50.81411145725955 ], [ 18.372098810870973, 50.814128171214747 ], [ 18.373316783115477, 50.814239583089474 ], [ 18.374192785944111, 50.814319668094953 ], [ 18.375221479110429, 50.814140771475543 ], [ 18.375256373591206, 50.814207255862243 ], [ 18.375333222663734, 50.81435384574921 ], [ 18.377150971833291, 50.814013185296517 ], [ 18.378335929017073, 50.813602559207325 ], [ 18.378852018454243, 50.813424803062354 ], [ 18.378937237641196, 50.813585933071266 ], [ 18.37915951352517, 50.814006200492088 ], [ 18.379441764248366, 50.813760921430209 ], [ 18.380117429160311, 50.813604481540509 ], [ 18.380857467221293, 50.813884035975875 ], [ 18.381048017375242, 50.813529451171917 ], [ 18.381410790218247, 50.813422438467697 ], [ 18.381351744679968, 50.813119873430693 ], [ 18.381379566912447, 50.813002178661819 ], [ 18.381459326646098, 50.812811445142572 ], [ 18.381474530319046, 50.81258483674511 ], [ 18.38112216668118, 50.811867035151842 ], [ 18.380902096954383, 50.811911483908538 ], [ 18.379539411197232, 50.812186702292173 ], [ 18.378326745084568, 50.812431605425878 ], [ 18.377816212012107, 50.811466242060717 ], [ 18.376165190460654, 50.808344050794233 ], [ 18.374583093604706, 50.808680778130281 ], [ 18.373867759456274, 50.808833018412031 ], [ 18.373501459021135, 50.808013190649888 ], [ 18.373296868771071, 50.807578863484387 ], [ 18.373296274118612, 50.807400477424004 ], [ 18.373274956390887, 50.807359702770626 ], [ 18.373152060349565, 50.807101408359294 ], [ 18.372494951623267, 50.805856751913893 ], [ 18.37263270851625, 50.805810535693681 ], [ 18.373553086462639, 50.80568153670766 ], [ 18.374361243617507, 50.806662796320218 ], [ 18.374378425610882, 50.806683758266381 ], [ 18.374436130632262, 50.806657530650433 ], [ 18.374492338481403, 50.806605207719045 ], [ 18.374639717557944, 50.80538522402388 ], [ 18.374119718477722, 50.804376537634283 ], [ 18.373068062806858, 50.804590125180574 ], [ 18.371775915233645, 50.804852540098629 ], [ 18.37092273348469, 50.805025798460413 ], [ 18.370207943233162, 50.805170947412151 ], [ 18.367795898746436, 50.805660710406237 ], [ 18.366520356133144, 50.805920120903053 ], [ 18.366407339585589, 50.805943104566133 ], [ 18.366478844133095, 50.806166161730879 ], [ 18.366411433777021, 50.806941127268935 ], [ 18.365922920792364, 50.80715094956701 ], [ 18.365575772907317, 50.807268793899667 ], [ 18.36561476945079, 50.807618035567593 ], [ 18.365682502274552, 50.808214632739492 ], [ 18.36565310620659, 50.809211096181791 ], [ 18.36566273391891, 50.810523427379394 ], [ 18.365996251478663, 50.811152053871695 ], [ 18.366108467425782, 50.811263669347603 ], [ 18.366225977018335, 50.811256931338811 ], [ 18.366675129566435, 50.811231034176956 ], [ 18.367301140507386, 50.8114610298719 ], [ 18.367654003886081, 50.811647442670129 ], [ 18.367876462845103, 50.811838815167093 ], [ 18.368650302413418, 50.81179424906734 ], [ 18.369464072751061, 50.811989626398692 ], [ 18.369172453598225, 50.812315309963232 ], [ 18.368930260292583, 50.812534212501383 ], [ 18.3686016276672, 50.81295081983528 ], [ 18.367940584161772, 50.813789138691881 ], [ 18.368304853373843, 50.814457775219161 ], [ 18.368858979757611, 50.814346619915256 ], [ 18.369400717373487, 50.814237913791246 ], [ 18.370110168948383, 50.814095567622175 ], [ 18.370793419596506, 50.81395847320632 ], [ 18.371902698320184, 50.813735924477172 ] ] ] } },
{ "type": "Feature", "properties": { "name": "Kamieniec" }, "geometry": { "type": "MultiPolygon", "coordinates": [ [ [ [ 18.283858163075354, 50.829817040590278 ], [ 18.284081865099822, 50.829845400124846 ], [ 18.284088982223864, 50.829825833372915 ], [ 18.284105739561344, 50.8297796088194 ], [ 18.284126048531835, 50.829724050623604 ], [ 18.284482744856106, 50.828745897341022 ], [ 18.284433539843942, 50.828759178969342 ], [ 18.284420442489463, 50.828733281259723 ], [ 18.284418925636118, 50.828730303407433 ], [ 18.284194056915993, 50.828286340315209 ], [ 18.284189507818095, 50.828277316801469 ], [ 18.284028490691878, 50.82832985278219 ], [ 18.28392928171543, 50.828362257877174 ], [ 18.28383235593671, 50.828393957252722 ], [ 18.283505038804989, 50.828500704734054 ], [ 18.281036612331199, 50.829306370609679 ], [ 18.281016786349074, 50.829413476080774 ], [ 18.281008739271492, 50.829456515452151 ], [ 18.281254759476838, 50.829770178648715 ], [ 18.28141148207251, 50.829970126698996 ], [ 18.282015547272955, 50.830740180718983 ], [ 18.282017497018348, 50.830742711485087 ], [ 18.282021111075156, 50.830747861216963 ], [ 18.282074337487828, 50.830824471431633 ], [ 18.282109509900835, 50.830911315493317 ], [ 18.282084529023233, 50.830965675160606 ], [ 18.28198665956689, 50.831178808522104 ], [ 18.282024425185952, 50.831198471403319 ], [ 18.282034711868604, 50.831203842102752 ], [ 18.282767635791007, 50.831297405881557 ], [ 18.282880628950384, 50.831311413844993 ], [ 18.282898980242326, 50.831313681719941 ], [ 18.283401109510347, 50.831358367109488 ], [ 18.283401797902108, 50.831356804978952 ], [ 18.283730654894622, 50.830603193423549 ], [ 18.28377039796467, 50.830512221953434 ], [ 18.283585857869156, 50.830486351178848 ], [ 18.283703390400991, 50.830185090297149 ], [ 18.283853059824896, 50.829816379577466 ], [ 18.283858163075354, 50.829817040590278 ] ] ], [ [ [ 18.294403572941967, 50.829575434321342 ], [ 18.294417592725473, 50.829540526209378 ], [ 18.294437659204647, 50.829490811916159 ], [ 18.294449015388732, 50.829462994218986 ], [ 18.294536502933884, 50.829246729193741 ], [ 18.294679611455731, 50.828892807784356 ], [ 18.295661549018853, 50.828842336678193 ], [ 18.296377617015857, 50.828809325075255 ], [ 18.296481169974406, 50.828818135459194 ], [ 18.296603303689658, 50.828847567731138 ], [ 18.298339613243993, 50.829249959841313 ], [ 18.298944823599246, 50.829373598849337 ], [ 18.299621317895792, 50.829546148874165 ], [ 18.299661453410348, 50.829502761114732 ], [ 18.29976709369917, 50.829362703937917 ], [ 18.299705371523331, 50.829254026509339 ], [ 18.299643791655004, 50.829145349899662 ], [ 18.299551991547229, 50.829062938914603 ], [ 18.299490884092599, 50.829008148699437 ], [ 18.299444773925863, 50.828966761980993 ], [ 18.299332042605357, 50.828916339443204 ], [ 18.299217899387198, 50.828865368580168 ], [ 18.298743123603284, 50.828767432739568 ], [ 18.297816110917676, 50.828461314852625 ], [ 18.29720835805772, 50.828233665468908 ], [ 18.296763739521875, 50.828067176772471 ], [ 18.296328928986895, 50.827928721843456 ], [ 18.296028267812105, 50.827832904256411 ], [ 18.295216331920834, 50.827574236948784 ], [ 18.294924032694677, 50.827479906304568 ], [ 18.294702689969434, 50.827408402896864 ], [ 18.29403906471677, 50.827167445500322 ], [ 18.293823791308714, 50.82708923043235 ], [ 18.293774104015057, 50.827097115712732 ], [ 18.293631591091614, 50.827119731599957 ], [ 18.292924151992299, 50.827231849970879 ], [ 18.292409052239645, 50.827313556017451 ], [ 18.290492331009933, 50.82742749562798 ], [ 18.290477120135975, 50.827428392652664 ], [ 18.290492201751327, 50.827389173560832 ], [ 18.290616984254868, 50.827065280819184 ], [ 18.290582406335982, 50.827078923830399 ], [ 18.290153191656835, 50.827247589836304 ], [ 18.288648057902666, 50.827325051343053 ], [ 18.288407265414079, 50.82716673586674 ], [ 18.288120515775688, 50.827347537489715 ], [ 18.287142111973878, 50.827993624957344 ], [ 18.286912146644749, 50.828121499477611 ], [ 18.286798203162657, 50.828195328702058 ], [ 18.286361385989721, 50.828507054398507 ], [ 18.286348790796136, 50.828513364246561 ], [ 18.28571042038697, 50.828834379479055 ], [ 18.285305404328859, 50.828820654960531 ], [ 18.285128554225565, 50.828570663203969 ], [ 18.285070298502898, 50.828804551868011 ], [ 18.285019457272295, 50.828850567723372 ], [ 18.284990462864407, 50.8288518293556 ], [ 18.284928351292535, 50.828854597201527 ], [ 18.284738465992199, 50.828862878776583 ], [ 18.284640726974065, 50.829124321608241 ], [ 18.284608000908282, 50.829211738169207 ], [ 18.284545946938188, 50.829377956315113 ], [ 18.284453540008219, 50.829624948740992 ], [ 18.284421069906063, 50.829751317781707 ], [ 18.284403100423173, 50.829821103430497 ], [ 18.284393888183665, 50.829856939396905 ], [ 18.284325111238672, 50.829970401938319 ], [ 18.284413192650675, 50.829997119346046 ], [ 18.284338717180113, 50.830232437382129 ], [ 18.284322599888039, 50.830283253649014 ], [ 18.284318936450923, 50.830290607575087 ], [ 18.284155445817234, 50.83062514073233 ], [ 18.284126176585062, 50.830727870872316 ], [ 18.284086850630818, 50.830865892023091 ], [ 18.284047367276337, 50.831004901708326 ], [ 18.283895309213651, 50.831538847163465 ], [ 18.283889008135258, 50.831560757763263 ], [ 18.283889861690785, 50.831560673045509 ], [ 18.283890857276219, 50.831560589199356 ], [ 18.284445879907985, 50.831500934871528 ], [ 18.28445293776371, 50.831513122214389 ], [ 18.284458750360923, 50.831523142976273 ], [ 18.284478266357475, 50.831556636332245 ], [ 18.28448809331833, 50.831573518365843 ], [ 18.284824196658665, 50.831515848024154 ], [ 18.284824338688416, 50.831515848894639 ], [ 18.284973773240456, 50.831515505296146 ], [ 18.286115134924746, 50.831512508517434 ], [ 18.286630030046311, 50.831466631440541 ], [ 18.286813350913029, 50.831927067407172 ], [ 18.286918620394488, 50.832056617710357 ], [ 18.286957978442004, 50.832102465913835 ], [ 18.286995105758741, 50.832108270052622 ], [ 18.287230074436199, 50.832386320250635 ], [ 18.287317656090472, 50.832427605260634 ], [ 18.287504668457562, 50.832515644791599 ], [ 18.288305048873966, 50.832892497145224 ], [ 18.288329871778867, 50.832904162905528 ], [ 18.288404620533193, 50.832939431730246 ], [ 18.288502220322378, 50.832985274734526 ], [ 18.289249161064738, 50.833337056802414 ], [ 18.289249584438753, 50.833337239293122 ], [ 18.289280320064137, 50.833343093725219 ], [ 18.290617620676908, 50.832955244984149 ], [ 18.290982727273061, 50.832849157000197 ], [ 18.291220965872117, 50.83277243258653 ], [ 18.291258504294756, 50.832751161114764 ], [ 18.291330427694945, 50.832710488059078 ], [ 18.291769274487955, 50.832462175252267 ], [ 18.291771702658686, 50.832461290430054 ], [ 18.293436377181795, 50.831894224585952 ], [ 18.293453652580226, 50.831888392095216 ], [ 18.293470357133941, 50.831882736057537 ], [ 18.293472128046577, 50.831878338937138 ], [ 18.293476850931306, 50.831866583300098 ], [ 18.293501640944605, 50.831805203505986 ], [ 18.293534836224001, 50.831723364630875 ], [ 18.29362366081935, 50.831503780079402 ], [ 18.294403572941967, 50.829575434321342 ] ] ] ] } },
{ "type": "Feature", "properties": { "name": "Smolnik" }, "geometry": { "type": "Polygon", "coordinates": [ [ [ 18.252023155751413, 50.837319538290664 ], [ 18.2533525587654, 50.836767625974247 ], [ 18.253728443582101, 50.836438452842408 ], [ 18.253813583708979, 50.836453390311682 ], [ 18.253959376497235, 50.836370574570971 ], [ 18.254404542828301, 50.836310631291731 ], [ 18.254780862426522, 50.836060617213612 ], [ 18.254952252468716, 50.836538116763954 ], [ 18.255391993633875, 50.836471030192797 ], [ 18.255491071480641, 50.836395737300982 ], [ 18.256276109763263, 50.836152823911092 ], [ 18.256960686402468, 50.836206302219829 ], [ 18.256994689024854, 50.836113684033762 ], [ 18.257932541753274, 50.836087444271357 ], [ 18.258165088911376, 50.835953006384081 ], [ 18.258777897906288, 50.835918930554982 ], [ 18.259109790888289, 50.835986986575989 ], [ 18.259496110751755, 50.835911535537356 ], [ 18.259942308301547, 50.835740479708065 ], [ 18.260312648070673, 50.835470979917844 ], [ 18.26095112942237, 50.835511006069538 ], [ 18.261398655119699, 50.835353990850358 ], [ 18.261959285091148, 50.835214142752811 ], [ 18.261875764326781, 50.835114119885596 ], [ 18.260985287182326, 50.835047587412994 ], [ 18.260357381196346, 50.835139502647536 ], [ 18.260056526919065, 50.835003649469918 ], [ 18.259495961144118, 50.835122073218095 ], [ 18.259191019645293, 50.834750332030211 ], [ 18.259240596978287, 50.834606810176538 ], [ 18.258643512273132, 50.834143335743441 ], [ 18.25926544547351, 50.833997626512627 ], [ 18.258914192960358, 50.833838916689004 ], [ 18.258616536692273, 50.833510193522827 ], [ 18.258543788921489, 50.833421088450024 ], [ 18.258020857087857, 50.833945530647959 ], [ 18.257809912186357, 50.834075988577823 ], [ 18.257831884019495, 50.834018313224831 ], [ 18.256711812199502, 50.833845901784748 ], [ 18.256504082445772, 50.834700706340577 ], [ 18.25638336387161, 50.834672201870092 ], [ 18.25631891621682, 50.834714932786397 ], [ 18.256005413544997, 50.834922779127126 ], [ 18.255679362789991, 50.835059155413056 ], [ 18.255595905602004, 50.835092225425953 ], [ 18.25551428907448, 50.835076032850424 ], [ 18.255501980374007, 50.835073591009618 ], [ 18.25550173906311, 50.835073540857628 ], [ 18.255389668728089, 50.83502774339145 ], [ 18.255290881446136, 50.834987366734737 ], [ 18.255091796085058, 50.834804207115177 ], [ 18.254876512557157, 50.834416109749348 ], [ 18.254983440319702, 50.834275921224375 ], [ 18.255296549905641, 50.833917649618165 ], [ 18.255521545144205, 50.833662718434077 ], [ 18.254022879923674, 50.833432540415131 ], [ 18.2541827995341, 50.833716498105488 ], [ 18.254270317116816, 50.833885420911855 ], [ 18.254371188865125, 50.834080133723511 ], [ 18.254468379066498, 50.834205019243797 ], [ 18.254522234144968, 50.834274232133502 ], [ 18.254657251978145, 50.834447724750476 ], [ 18.254052453304343, 50.834777483274515 ], [ 18.254052244860318, 50.834777594124489 ], [ 18.25376863998379, 50.834578919279785 ], [ 18.253099470824161, 50.834110127766813 ], [ 18.252946284789033, 50.834002813119966 ], [ 18.252134240011415, 50.836048669801571 ], [ 18.251176488928852, 50.835897109311688 ], [ 18.250018466057291, 50.835713362636412 ], [ 18.249259027006634, 50.836017994347806 ], [ 18.247290303114561, 50.83665687503828 ], [ 18.245241474963635, 50.836877485578995 ], [ 18.244812806078535, 50.837080641790642 ], [ 18.244363620667773, 50.837293516935873 ], [ 18.244555259308271, 50.837544591820091 ], [ 18.243998020027917, 50.837748842160288 ], [ 18.243770395531328, 50.837505105478243 ], [ 18.243724873695452, 50.837544018234311 ], [ 18.243404927657249, 50.837721316525453 ], [ 18.243349985750623, 50.837728117527696 ], [ 18.24320351168172, 50.837735521529225 ], [ 18.242796201922634, 50.837928574079442 ], [ 18.242404255226649, 50.838127438777363 ], [ 18.242883233375657, 50.838611223080527 ], [ 18.242995552141988, 50.838724661469783 ], [ 18.243554009087013, 50.839202926830012 ], [ 18.243667337227244, 50.839317313430165 ], [ 18.243978983553561, 50.839590672286086 ], [ 18.244244589169931, 50.839802095359609 ], [ 18.24542307546691, 50.840653838263016 ], [ 18.245698274763473, 50.840526682476394 ], [ 18.245798507521229, 50.840363304700553 ], [ 18.246359374268845, 50.84005300076609 ], [ 18.246400083280388, 50.840018483383147 ], [ 18.246373960405286, 50.839991835893962 ], [ 18.246493404630485, 50.839953264849704 ], [ 18.246530277531694, 50.839927742116394 ], [ 18.246776380828628, 50.839540334653428 ], [ 18.246778071376141, 50.839537671884564 ], [ 18.247684467693475, 50.839307655354403 ], [ 18.247684828320409, 50.839307631503459 ], [ 18.247887315356081, 50.839264972460363 ], [ 18.247888568225939, 50.839264550502762 ], [ 18.247911565399875, 50.839256793600946 ], [ 18.247950453533004, 50.839235508944348 ], [ 18.247982747042137, 50.839226592890931 ], [ 18.248212033688674, 50.838822983315282 ], [ 18.248262357084087, 50.838734642264789 ], [ 18.2482651465129, 50.838729739165444 ], [ 18.248667782706686, 50.838657581361417 ], [ 18.24885713407042, 50.838623627425669 ], [ 18.249223519051764, 50.838606013029683 ], [ 18.249223536346566, 50.838606039316858 ], [ 18.249223814118327, 50.838606026146309 ], [ 18.249468524796143, 50.83840373867281 ], [ 18.249995670287149, 50.838130654341747 ], [ 18.25002870234167, 50.838113538195167 ], [ 18.25046616055009, 50.837996429605091 ], [ 18.250617697186112, 50.837797538643485 ], [ 18.250774266142415, 50.837769630852748 ], [ 18.25118977866331, 50.837654857880437 ], [ 18.251189856862027, 50.837654768636291 ], [ 18.251458811944655, 50.837513476567615 ], [ 18.251943786056522, 50.837439304035762 ], [ 18.252023155751413, 50.837319538290664 ] ] ] } },
{ "type": "Feature", "properties": { "name": "Bażany" }, "geometry": { "type": "MultiPolygon", "coordinates": [ [ [ [ 18.173102721666435, 50.915985534905857 ], [ 18.173146614732065, 50.916091703422516 ], [ 18.173174536616052, 50.916146684320616 ], [ 18.172220132775582, 50.916562620887206 ], [ 18.170336137481218, 50.917485772468524 ], [ 18.169756983255184, 50.917852001269551 ], [ 18.170128841032636, 50.918723432074046 ], [ 18.170835656504167, 50.920378986428659 ], [ 18.171930785068039, 50.920249377112434 ], [ 18.172005369342401, 50.92024393135241 ], [ 18.171945617559981, 50.920365197093879 ], [ 18.171772432937409, 50.920716670038182 ], [ 18.172022506140664, 50.920686249389021 ], [ 18.173010420807039, 50.920566066921822 ], [ 18.173098199365516, 50.920554382765111 ], [ 18.173163926996118, 50.92054563374802 ], [ 18.173985968430859, 50.920436208197195 ], [ 18.174162797312206, 50.920412668902131 ], [ 18.174497630646911, 50.920368095378834 ], [ 18.174574021287849, 50.920357925991617 ], [ 18.175338859767052, 50.920257059783467 ], [ 18.176545613453388, 50.920097902894042 ], [ 18.176403844801111, 50.919991898318486 ], [ 18.175708388165361, 50.919463593497504 ], [ 18.175194115300393, 50.919027681109064 ], [ 18.174789691494063, 50.918684757660962 ], [ 18.173878161859744, 50.9176882121332 ], [ 18.173729638061687, 50.91721284817168 ], [ 18.17358320295412, 50.916637947815232 ], [ 18.173446833974683, 50.91607793022974 ], [ 18.173432620173624, 50.916019558574 ], [ 18.173244135575615, 50.915972998139672 ], [ 18.173171084842654, 50.915972064098348 ], [ 18.173102721666435, 50.915985534905857 ] ] ], [ [ [ 18.184158646216655, 50.923573833849126 ], [ 18.184242543901927, 50.923565531091057 ], [ 18.184743381033172, 50.923520300728768 ], [ 18.184826128157212, 50.923577587425349 ], [ 18.185201815701934, 50.923840798294833 ], [ 18.18554958090127, 50.924078432831202 ], [ 18.185828618169285, 50.924276390140562 ], [ 18.185932023819959, 50.924349631443064 ], [ 18.185988737384701, 50.924148904206973 ], [ 18.185973268860472, 50.923991375067544 ], [ 18.186075537236974, 50.923782942534217 ], [ 18.186072587404624, 50.923690987926861 ], [ 18.18603432931949, 50.923632340419161 ], [ 18.185735128224128, 50.923389804494178 ], [ 18.185516727766281, 50.923386032388755 ], [ 18.185102947666266, 50.923453850032232 ], [ 18.184844511704295, 50.923102300910493 ], [ 18.184554721692059, 50.922826724156188 ], [ 18.183960940686035, 50.922795049619936 ], [ 18.183733537443846, 50.922679666978041 ], [ 18.183435545639693, 50.922466638793651 ], [ 18.183560148471663, 50.922064061629662 ], [ 18.184505882299934, 50.922364014064371 ], [ 18.185651902178197, 50.922588983979757 ], [ 18.185922513456031, 50.922697465411339 ], [ 18.18602894293749, 50.922449906850012 ], [ 18.185564487559631, 50.921952202331809 ], [ 18.185588679356247, 50.921923996786312 ], [ 18.185615205820117, 50.92189306917124 ], [ 18.185671761996787, 50.921827129276515 ], [ 18.185683879004849, 50.92169099340137 ], [ 18.185724762909533, 50.921231650898946 ], [ 18.185934843601814, 50.92097846909811 ], [ 18.185872509280923, 50.920822611492696 ], [ 18.185842931841005, 50.920748657175501 ], [ 18.185596736585712, 50.920779535259612 ], [ 18.18548326914231, 50.920793766284348 ], [ 18.185441998334475, 50.920619700848157 ], [ 18.186039182183521, 50.920581807951436 ], [ 18.186365755958739, 50.920369508665885 ], [ 18.186133206822451, 50.920241094146206 ], [ 18.185653215073319, 50.919611480108543 ], [ 18.185495809750378, 50.919454239429029 ], [ 18.185426848015034, 50.919529546368821 ], [ 18.185399467619121, 50.919561897853072 ], [ 18.184747249369522, 50.919897588190302 ], [ 18.183718655703679, 50.920424013173005 ], [ 18.183062990225388, 50.9206203979601 ], [ 18.183005459065779, 50.920653260956819 ], [ 18.182225984800333, 50.920286660176082 ], [ 18.181536388324698, 50.919935211574618 ], [ 18.181740493122163, 50.920617020534763 ], [ 18.181811670230179, 50.920788320451734 ], [ 18.181869176455471, 50.920928471659138 ], [ 18.18214432516039, 50.921382337838274 ], [ 18.182777254026146, 50.922154435152677 ], [ 18.18297311709367, 50.922437242846513 ], [ 18.183455553056547, 50.922998642740424 ], [ 18.18365008610979, 50.923322441862382 ], [ 18.183755800073435, 50.923613699792618 ], [ 18.183800051936814, 50.923609320667836 ], [ 18.184158646216655, 50.923573833849126 ] ] ] ] } },
{ "type": "Feature", "properties": { "name": "Złote Bagna" }, "geometry": { "type": "Polygon", "coordinates": [ [ [ 17.705524624764166, 50.620841342610113 ], [ 17.706390170902068, 50.620569587650387 ], [ 17.706034354262925, 50.620231956055669 ], [ 17.705825406198983, 50.619897103092796 ], [ 17.705617570081767, 50.619564034687038 ], [ 17.706559183709253, 50.619322779286222 ], [ 17.709202987476559, 50.618298285120346 ], [ 17.710484455334935, 50.618787206347584 ], [ 17.711571115797064, 50.619099525602415 ], [ 17.711608150953701, 50.619110189386831 ], [ 17.712019939188021, 50.619762110311392 ], [ 17.712030920782183, 50.619779505275496 ], [ 17.713617794309187, 50.619054399407297 ], [ 17.713606253929196, 50.619037002161569 ], [ 17.711940403104123, 50.616529336763691 ], [ 17.711296067952713, 50.616818277029004 ], [ 17.710854575710123, 50.617016164926312 ], [ 17.710410934701347, 50.617215111876092 ], [ 17.710384737360396, 50.617221747748737 ], [ 17.710358531682044, 50.617228473275453 ], [ 17.710352704068047, 50.617219325088904 ], [ 17.710036914042181, 50.616719416652479 ], [ 17.709705007328864, 50.616193958820311 ], [ 17.704447739981759, 50.617689259108346 ], [ 17.704427545682535, 50.617693443602299 ], [ 17.704012158204325, 50.61777896438673 ], [ 17.70389191217641, 50.617662384709099 ], [ 17.703550162193373, 50.617029205410915 ], [ 17.704223708408207, 50.616816200417823 ], [ 17.704430228334147, 50.616715671205725 ], [ 17.704451438774164, 50.616705293887556 ], [ 17.704446480514211, 50.616685085622549 ], [ 17.704168614002018, 50.615553595810411 ], [ 17.703822083971499, 50.614142907007164 ], [ 17.703424972944234, 50.612526001291137 ], [ 17.703424589472604, 50.612524557245969 ], [ 17.703404763509791, 50.612530813701497 ], [ 17.703302934511818, 50.612562787641508 ], [ 17.703282969969983, 50.612568952781459 ], [ 17.70326300295595, 50.612575207642841 ], [ 17.699715902217598, 50.613686828209865 ], [ 17.699887284206035, 50.613937579423506 ], [ 17.70010990045925, 50.61426347879307 ], [ 17.700312949139068, 50.614560730348167 ], [ 17.700494390022705, 50.614826345872459 ], [ 17.700657895651219, 50.615065669302844 ], [ 17.700703428234764, 50.615132298437139 ], [ 17.700709543073987, 50.615141184803612 ], [ 17.700690169418358, 50.615146544581592 ], [ 17.700670648757804, 50.615151906456376 ], [ 17.699970479446879, 50.615366572117424 ], [ 17.700003236618862, 50.615414525100491 ], [ 17.699983846899208, 50.615420247331087 ], [ 17.698857855296414, 50.615750163588991 ], [ 17.698785672124597, 50.615911558466344 ], [ 17.699336246108579, 50.616322628300914 ], [ 17.699335202064013, 50.616565695800389 ], [ 17.699959463499574, 50.617094626030848 ], [ 17.700665995403924, 50.616911519464544 ], [ 17.700486918556724, 50.616734273135663 ], [ 17.700609321898025, 50.616684719041722 ], [ 17.700892314213974, 50.616570116499986 ], [ 17.700910189265194, 50.616562847698276 ], [ 17.700928205233794, 50.616555584204953 ], [ 17.701142485888031, 50.61683568582454 ], [ 17.701403742633278, 50.6171609325365 ], [ 17.70174129494038, 50.617581130441735 ], [ 17.701754142766976, 50.617597197170817 ], [ 17.70177297389899, 50.617591292655248 ], [ 17.701793801870604, 50.617584595139498 ], [ 17.701796368501142, 50.617583815971415 ], [ 17.70196528058171, 50.617832733826774 ], [ 17.701965278111746, 50.617832823551531 ], [ 17.701939903187824, 50.617835151105112 ], [ 17.701914384864597, 50.617837563067901 ], [ 17.701764633687436, 50.61797128934446 ], [ 17.701522566121803, 50.618242706088445 ], [ 17.701826199234667, 50.61871902461057 ], [ 17.701485062184098, 50.618978092019013 ], [ 17.70041821980713, 50.619309041738106 ], [ 17.700010734944644, 50.619435481220194 ], [ 17.699998041968652, 50.619439385908123 ], [ 17.700586884712909, 50.620238976361975 ], [ 17.700706017527772, 50.620400797078695 ], [ 17.700715014982677, 50.620413040157089 ], [ 17.700277589329282, 50.620558218999449 ], [ 17.70033725237543, 50.620640839638639 ], [ 17.700405634899166, 50.620735344976822 ], [ 17.700569228974381, 50.62096171497582 ], [ 17.700981078287093, 50.62083667221868 ], [ 17.701145576364027, 50.621055946088916 ], [ 17.701796041374433, 50.620975123351059 ], [ 17.702303378736175, 50.620617417715756 ], [ 17.703093789944464, 50.620424972767964 ], [ 17.703551475180969, 50.620257522174079 ], [ 17.703943111396171, 50.620712679078324 ], [ 17.704186488798598, 50.620995439514125 ], [ 17.704363589335713, 50.621196057088795 ], [ 17.704370396284851, 50.621203769208932 ], [ 17.7048156920523, 50.621063950432649 ], [ 17.705524624764166, 50.620841342610113 ] ] ] } },
{ "type": "Feature", "properties": { "name": "Prądy" }, "geometry": { "type": "Polygon", "coordinates": [ [ [ 17.710150523640159, 50.666469745017764 ], [ 17.710390226430569, 50.666560560276984 ], [ 17.710801485325931, 50.666315557114736 ], [ 17.711092513120114, 50.666361957903661 ], [ 17.711490597600683, 50.666163676612392 ], [ 17.712001656437483, 50.666047338244248 ], [ 17.712202575104957, 50.665791548792726 ], [ 17.71221298359896, 50.665778439455664 ], [ 17.712215629093897, 50.665774870225285 ], [ 17.712223253043103, 50.665765238619493 ], [ 17.712362719312654, 50.665587756092073 ], [ 17.712586601381908, 50.665387546104256 ], [ 17.712355682198872, 50.664546192513683 ], [ 17.712798572775316, 50.664390863743094 ], [ 17.712824440073351, 50.664381793454162 ], [ 17.712850307361485, 50.664372723159381 ], [ 17.712418171371709, 50.66410382188235 ], [ 17.712335360574528, 50.663928201349805 ], [ 17.712144207920549, 50.663703164020845 ], [ 17.712482787623667, 50.663350747134963 ], [ 17.713410064678378, 50.66307446066623 ], [ 17.713703241503275, 50.663046750346226 ], [ 17.714010432589795, 50.662728797726594 ], [ 17.714383188854882, 50.662564952275332 ], [ 17.714817973160443, 50.662373811660551 ], [ 17.715233079410307, 50.662343483841056 ], [ 17.715654376162458, 50.662081031748031 ], [ 17.715945189809783, 50.662227905327995 ], [ 17.715961801922596, 50.662236364846422 ], [ 17.715978416494274, 50.662244734427865 ], [ 17.715894191181771, 50.662307409234359 ], [ 17.715783399382666, 50.662446348574818 ], [ 17.716226450936777, 50.662569439896899 ], [ 17.716596584034953, 50.662579364385053 ], [ 17.717273843421108, 50.662522138872582 ], [ 17.717803022662473, 50.662346509999637 ], [ 17.717934341284238, 50.662420283975322 ], [ 17.717952690719962, 50.66240654179839 ], [ 17.717970898650385, 50.662392798061816 ], [ 17.718984681398069, 50.661614263608833 ], [ 17.719002749674317, 50.66160042821452 ], [ 17.71902082038693, 50.661586502882571 ], [ 17.718988749467222, 50.661568787739633 ], [ 17.720679848230894, 50.660296236074096 ], [ 17.721495452805026, 50.659682562744791 ], [ 17.721526081679151, 50.659701250961554 ], [ 17.721548910327261, 50.659684048857713 ], [ 17.721562637270619, 50.659673673942706 ], [ 17.721537160371881, 50.659658100954672 ], [ 17.721511542003505, 50.659642526408867 ], [ 17.724425903599069, 50.657448273559666 ], [ 17.723243589160425, 50.656818188253794 ], [ 17.723209966025806, 50.65680036728422 ], [ 17.721876743022229, 50.656089897826689 ], [ 17.720897832926607, 50.656137901534748 ], [ 17.719898516458432, 50.656384668155525 ], [ 17.719392492190281, 50.657095833069683 ], [ 17.719238951093445, 50.657475313314457 ], [ 17.718746983155434, 50.657955158434142 ], [ 17.718727801503583, 50.65796835181844 ], [ 17.718708619840978, 50.65798154519949 ], [ 17.718586894214365, 50.658065310458362 ], [ 17.7169711490567, 50.658469182067243 ], [ 17.716158331023209, 50.658460229760351 ], [ 17.715552016067154, 50.658725592366302 ], [ 17.714294628045327, 50.659718127512818 ], [ 17.71366026175599, 50.659973185064665 ], [ 17.713656637149214, 50.659971165896209 ], [ 17.713630116381367, 50.660004248927059 ], [ 17.714033937372697, 50.660230911385042 ], [ 17.713313229616848, 50.660703441192602 ], [ 17.712911443525389, 50.661137477395698 ], [ 17.712566539780656, 50.661349215604545 ], [ 17.712453826407106, 50.661418410292065 ], [ 17.711920368194129, 50.66200356317826 ], [ 17.711630846768522, 50.662172009480706 ], [ 17.711515946456228, 50.662533014768428 ], [ 17.711058875554269, 50.663258448859281 ], [ 17.710811851428648, 50.663104760628364 ], [ 17.710807417781243, 50.663127112035504 ], [ 17.710802981666582, 50.663149553376776 ], [ 17.710694317223631, 50.663690820031668 ], [ 17.711295356012666, 50.66405587555586 ], [ 17.711089454834692, 50.664710858199136 ], [ 17.710666189972464, 50.665146718123893 ], [ 17.710377415499028, 50.665106188675466 ], [ 17.709825912609745, 50.665396957596982 ], [ 17.709614498900983, 50.665508508241956 ], [ 17.708534997493942, 50.665738006967473 ], [ 17.707858275880817, 50.665943714505609 ], [ 17.708687146453688, 50.666899478482307 ], [ 17.70920205538847, 50.66670007047113 ], [ 17.709208209244412, 50.666697619708302 ], [ 17.70971278138914, 50.666575641878616 ], [ 17.710150523640159, 50.666469745017764 ] ] ] } },
{ "type": "Feature", "properties": { "name": "Narok" }, "geometry": { "type": "MultiPolygon", "coordinates": [ [ [ [ 17.765106975153799, 50.769969417509998 ], [ 17.765783635492017, 50.769646608268957 ], [ 17.766272666597864, 50.769413209457305 ], [ 17.766539590364935, 50.769285861161464 ], [ 17.766739975158806, 50.769212684071668 ], [ 17.76792608006668, 50.768779740322024 ], [ 17.768192070204382, 50.768984689599968 ], [ 17.770287705080179, 50.768612602170315 ], [ 17.771160773065958, 50.768457898304966 ], [ 17.772867695346797, 50.768280299153545 ], [ 17.773557859675794, 50.768208394699919 ], [ 17.775125828245073, 50.767821224415719 ], [ 17.776207669670001, 50.767454661313089 ], [ 17.776752522670492, 50.767269932922595 ], [ 17.776689349735499, 50.766630016719539 ], [ 17.775832491563019, 50.766855910203972 ], [ 17.774082896885314, 50.767317196764253 ], [ 17.773279294102288, 50.767528967920597 ], [ 17.771429472926201, 50.767709655657001 ], [ 17.769851846295538, 50.767863678781666 ], [ 17.768683352680871, 50.768108272403055 ], [ 17.768388443035416, 50.768167410445074 ], [ 17.768013085027651, 50.768227137274337 ], [ 17.767321910161222, 50.768434297693872 ], [ 17.766598266331197, 50.768694546722919 ], [ 17.766151444344576, 50.768855256207587 ], [ 17.765572326956299, 50.769240002828873 ], [ 17.765394735830061, 50.769357949288633 ], [ 17.764834401261727, 50.769799295845147 ], [ 17.76459585467164, 50.770098494057891 ], [ 17.764502994335459, 50.770214727862253 ], [ 17.764876355427486, 50.770215444065315 ], [ 17.765106975153799, 50.769969417509998 ] ] ], [ [ [ 17.765223091572174, 50.763829363481811 ], [ 17.766361758463304, 50.763528983957023 ], [ 17.7690142235279, 50.761765733158789 ], [ 17.76804705896626, 50.761640911080377 ], [ 17.767580058148255, 50.761400911632876 ], [ 17.766664462027858, 50.76126258927664 ], [ 17.765982370524927, 50.761262930075723 ], [ 17.764942061158056, 50.761519727463714 ], [ 17.764900950722787, 50.761454251092054 ], [ 17.76480274593267, 50.761488655129462 ], [ 17.764719603313633, 50.761500458792241 ], [ 17.764627114577884, 50.761500918406611 ], [ 17.764551873753923, 50.761487347019141 ], [ 17.764403070687148, 50.76141263312023 ], [ 17.764003303602095, 50.761248628019551 ], [ 17.763708555913759, 50.761163100418507 ], [ 17.763437649037201, 50.761114798376546 ], [ 17.763329219793402, 50.761101234109177 ], [ 17.762399678152331, 50.761078238779675 ], [ 17.760637355740865, 50.761219111391235 ], [ 17.759651969818496, 50.761269717555344 ], [ 17.758932127482304, 50.761833844005977 ], [ 17.758458959476819, 50.762069720012967 ], [ 17.758297744919091, 50.762083746531552 ], [ 17.758246821720721, 50.76207852638867 ], [ 17.7581374860866, 50.762104529996719 ], [ 17.757859953175366, 50.762102923581672 ], [ 17.757716733950073, 50.762144398820354 ], [ 17.757495871727922, 50.762305862783897 ], [ 17.757231786560027, 50.762594338876688 ], [ 17.757128697261731, 50.763037642046747 ], [ 17.757128110722356, 50.763257857577948 ], [ 17.756969267875593, 50.763428437734753 ], [ 17.756693662704315, 50.76359462428794 ], [ 17.756630319698235, 50.763677971468688 ], [ 17.756597065425588, 50.763830188853838 ], [ 17.75654695875852, 50.763874364651798 ], [ 17.756434583281248, 50.763870377623121 ], [ 17.755609372494163, 50.763789067324595 ], [ 17.754690282276915, 50.764374970715423 ], [ 17.75427770393998, 50.764608238256621 ], [ 17.754108592068661, 50.765170210199173 ], [ 17.753231432589121, 50.766348845805751 ], [ 17.752459543177583, 50.76632529789547 ], [ 17.752435651447424, 50.7666049074395 ], [ 17.753462296670588, 50.767125328268982 ], [ 17.755123199521758, 50.768789244323749 ], [ 17.755407552339907, 50.768941612568575 ], [ 17.754271636745415, 50.772287053675768 ], [ 17.754631794456792, 50.772229997385843 ], [ 17.754961516738113, 50.772068891469949 ], [ 17.755864088993871, 50.771330508066988 ], [ 17.755939618502705, 50.771627821164742 ], [ 17.755565056396421, 50.772024775671376 ], [ 17.755582504833299, 50.772169167342163 ], [ 17.755350877986945, 50.772547045433569 ], [ 17.755276949064335, 50.772985889716601 ], [ 17.755250845876638, 50.773028611877287 ], [ 17.755384307721901, 50.773297306638952 ], [ 17.755393756975131, 50.773486502850702 ], [ 17.755347659831525, 50.773977820768891 ], [ 17.755338777974465, 50.77407191381721 ], [ 17.755250488992385, 50.77429802989883 ], [ 17.755189594016564, 50.774454179755729 ], [ 17.754979439013994, 50.774696087176828 ], [ 17.75484337059299, 50.774979626930616 ], [ 17.754591245256499, 50.775140301721017 ], [ 17.754249152839986, 50.775419031729328 ], [ 17.754116749592665, 50.77552700841099 ], [ 17.753770140313442, 50.775687211819914 ], [ 17.753126450512834, 50.776097565040033 ], [ 17.753688925512616, 50.776297980049144 ], [ 17.754046558627557, 50.776358475848696 ], [ 17.754638251234873, 50.776367224379058 ], [ 17.755171768529575, 50.776338735392166 ], [ 17.755981429597529, 50.776233665419397 ], [ 17.757074395042615, 50.775792371412138 ], [ 17.757939985477787, 50.77534288850412 ], [ 17.759078482984389, 50.774643156688306 ], [ 17.759805004456222, 50.77408072013408 ], [ 17.762491469338261, 50.773168728253232 ], [ 17.762691865214048, 50.772886311953151 ], [ 17.763642650781907, 50.771159992992473 ], [ 17.764138385620601, 50.770592473811043 ], [ 17.764457455595501, 50.770096308220623 ], [ 17.764497248586892, 50.770055888077138 ], [ 17.764779251037314, 50.769771094094359 ], [ 17.765339583410775, 50.769329837736692 ], [ 17.766096292051287, 50.768827145012104 ], [ 17.767235680910495, 50.768390385478824 ], [ 17.767980636753709, 50.768171739132953 ], [ 17.768600776321264, 50.768044068866907 ], [ 17.764938757461355, 50.766348285492001 ], [ 17.765223091572174, 50.763829363481811 ] ] ] ] } },
{ "type": "Feature", "properties": { "name": "Kęszyce" }, "geometry": { "type": "Polygon", "coordinates": [ [ [ 18.004631156267656, 50.885345587921215 ], [ 18.004449287962689, 50.885364816902396 ], [ 18.003039946317266, 50.885513810597175 ], [ 18.00316521948556, 50.885974198528402 ], [ 18.003277562717809, 50.886387518572988 ], [ 18.003376988782602, 50.886753141193317 ], [ 18.003803611253801, 50.88832076662451 ], [ 18.003960276229865, 50.888897015419616 ], [ 18.00435633801338, 50.890352201687037 ], [ 18.004438371597079, 50.890653805685481 ], [ 18.004441535112807, 50.890665527004408 ], [ 18.004576068401061, 50.891159815542991 ], [ 18.004911742995599, 50.892393641297303 ], [ 18.004916626987107, 50.892411404345623 ], [ 18.004888541783973, 50.892414493321645 ], [ 18.004229331141616, 50.892486594307861 ], [ 18.004169027027789, 50.892493186441399 ], [ 18.004043428155914, 50.892506957730888 ], [ 18.002649296771523, 50.89265949527001 ], [ 18.002625488957918, 50.892662080508572 ], [ 18.002782507846636, 50.8927888212311 ], [ 18.002847523309711, 50.892841371430762 ], [ 18.00295854112359, 50.892931016735048 ], [ 18.003283731492726, 50.893288581891525 ], [ 18.003698667472054, 50.894019871362509 ], [ 18.00456464024591, 50.894631586026762 ], [ 18.004376398435067, 50.89466785233467 ], [ 18.005159250552346, 50.895142839465933 ], [ 18.005645254085135, 50.895157415166516 ], [ 18.00567439432124, 50.895158293072271 ], [ 18.005917255043901, 50.89522899814628 ], [ 18.006108258839934, 50.895397133748517 ], [ 18.006205264092461, 50.895677903826332 ], [ 18.006135329384016, 50.895916232549752 ], [ 18.006134853888138, 50.896118990141353 ], [ 18.006382765656149, 50.896306860398873 ], [ 18.006622997783982, 50.89649475472509 ], [ 18.006796901737633, 50.896571078110931 ], [ 18.006817212019055, 50.896572510297609 ], [ 18.007105530529262, 50.896592954169783 ], [ 18.007676127627793, 50.896496425094249 ], [ 18.008335378613879, 50.89635117037691 ], [ 18.008401716002975, 50.896596505089953 ], [ 18.008491798696763, 50.896929389037133 ], [ 18.008507273300815, 50.896970990339064 ], [ 18.008640366708477, 50.897328257780465 ], [ 18.009114907721479, 50.897227217695338 ], [ 18.009649435052999, 50.897094480230166 ], [ 18.010172376744318, 50.89696461064716 ], [ 18.010716191853337, 50.896829608194892 ], [ 18.010743361956568, 50.896822821848389 ], [ 18.010829017505802, 50.896801508375859 ], [ 18.010999889615146, 50.896766163985873 ], [ 18.010847379083494, 50.896337669222106 ], [ 18.011454321478741, 50.896223708265794 ], [ 18.011527348104913, 50.896187444544687 ], [ 18.011269527963428, 50.895465700438606 ], [ 18.011171888398422, 50.895038840164055 ], [ 18.011153689716757, 50.894971308703276 ], [ 18.010923311921523, 50.895036194570757 ], [ 18.010893398389914, 50.895031533256656 ], [ 18.010216429927443, 50.894926843361866 ], [ 18.010272459386009, 50.895128730686764 ], [ 18.01027497269159, 50.895137657674169 ], [ 18.010247284223578, 50.895142100650816 ], [ 18.010017359019631, 50.895178832233185 ], [ 18.009661643655512, 50.895298425565656 ], [ 18.009468155085358, 50.895401043355321 ], [ 18.009474880981134, 50.895385717889134 ], [ 18.009528394019569, 50.895263561431079 ], [ 18.009412850071389, 50.895051183584222 ], [ 18.00947076340875, 50.894788642606429 ], [ 18.009438003224194, 50.894589651018315 ], [ 18.009265007905714, 50.894323171481624 ], [ 18.008845108875846, 50.894076095147412 ], [ 18.008333765143298, 50.893641131214956 ], [ 18.00825606099837, 50.893529374954781 ], [ 18.00821436951929, 50.893168565493255 ], [ 18.007665653303029, 50.892752801536318 ], [ 18.007341817687688, 50.892477300407535 ], [ 18.007107836908457, 50.892176835125497 ], [ 18.007427015244883, 50.89214266736154 ], [ 18.008658821124435, 50.892010733744364 ], [ 18.008748202243179, 50.892001147775972 ], [ 18.009356190078687, 50.89193605299991 ], [ 18.009384272805196, 50.891933052885669 ], [ 18.009412641842559, 50.89192996523785 ], [ 18.010366506466855, 50.891825610203064 ], [ 18.010762250756461, 50.891782277160559 ], [ 18.010741111565423, 50.891766355648564 ], [ 18.01045817764393, 50.891553549556825 ], [ 18.010775597940384, 50.891293207344916 ], [ 18.010760885413053, 50.891195479963891 ], [ 18.011101539872953, 50.89094594861087 ], [ 18.01130584541049, 50.890472439466123 ], [ 18.011310034533484, 50.890462669697399 ], [ 18.012072017101175, 50.890424952372797 ], [ 18.012292428279583, 50.890029929839208 ], [ 18.013367299606358, 50.889803423858076 ], [ 18.013394586526211, 50.889797627407141 ], [ 18.013334381283734, 50.889577624885817 ], [ 18.01319838503932, 50.889081085286506 ], [ 18.013040602361581, 50.888505199613448 ], [ 18.012867638704073, 50.887873952025089 ], [ 18.012848884757346, 50.887805786356004 ], [ 18.012846375135965, 50.887796679531604 ], [ 18.012801759468967, 50.887633301134386 ], [ 18.012776844957081, 50.887648023198331 ], [ 18.012636139564137, 50.887731302232787 ], [ 18.012627329870398, 50.887724211112442 ], [ 18.01236248485333, 50.887510842801433 ], [ 18.012088976840154, 50.8874449291513 ], [ 18.01179537996526, 50.887226188676564 ], [ 18.01155996466046, 50.887107611895317 ], [ 18.011289469038598, 50.887060792636625 ], [ 18.011095323564845, 50.886571583963054 ], [ 18.01081999657465, 50.886209155335642 ], [ 18.010814876655207, 50.886202455168714 ], [ 18.010435302114413, 50.885927839234398 ], [ 18.010131302690542, 50.885878664227612 ], [ 18.010064050048712, 50.885871347163203 ], [ 18.009786690727463, 50.884800401351555 ], [ 18.009631479354407, 50.884816806006683 ], [ 18.009630053724539, 50.88481697382403 ], [ 18.008857273076472, 50.88489866199054 ], [ 18.007495562351512, 50.885042716455381 ], [ 18.007467483659333, 50.88504571614142 ], [ 18.006656781396682, 50.885131475173999 ], [ 18.006314000381973, 50.885167688725389 ], [ 18.005713524733547, 50.885231212258546 ], [ 18.004631156267656, 50.885345587921215 ] ] ] } },
{ "type": "Feature", "properties": { "name": "Koszatka" }, "geometry": { "type": "MultiPolygon", "coordinates": [ [ [ [ 18.081302785292223, 50.917342712696943 ], [ 18.081277099869776, 50.917389647345175 ], [ 18.081063872368848, 50.917580204538936 ], [ 18.080781856444023, 50.917758975345912 ], [ 18.080728880910055, 50.917818648629314 ], [ 18.080682163517665, 50.917871264668307 ], [ 18.080560782109679, 50.918008120914656 ], [ 18.080260679616561, 50.918346149411121 ], [ 18.079488696930269, 50.918596439275596 ], [ 18.079279135778446, 50.91872315361411 ], [ 18.078698118613897, 50.919074524878724 ], [ 18.078631292651778, 50.919143533259529 ], [ 18.078573818717125, 50.919149736423243 ], [ 18.078291156541045, 50.919165766389796 ], [ 18.078124739476749, 50.919211769215913 ], [ 18.077831175801737, 50.919246512722687 ], [ 18.077802931400921, 50.919249887868709 ], [ 18.077704278983834, 50.919309019090008 ], [ 18.077669711627824, 50.919329885605343 ], [ 18.077347393336833, 50.919523262388161 ], [ 18.07710716382012, 50.919667451742505 ], [ 18.077010672057018, 50.919768338866568 ], [ 18.077059763198804, 50.919883780166721 ], [ 18.077042113425847, 50.919919892766522 ], [ 18.076921977555077, 50.920165601371217 ], [ 18.076918482458574, 50.920169621742545 ], [ 18.076858752099074, 50.920145940960225 ], [ 18.076806921178637, 50.919967598937284 ], [ 18.076796397462878, 50.91993126361195 ], [ 18.076718315781676, 50.919662758350107 ], [ 18.076296922047472, 50.918232728929922 ], [ 18.075947434924053, 50.917010164740098 ], [ 18.075549662625981, 50.915639959431665 ], [ 18.074738555079342, 50.915991288224824 ], [ 18.073486917449948, 50.916533510680999 ], [ 18.07287601731257, 50.916798078631359 ], [ 18.072544439574685, 50.916941713175042 ], [ 18.072466783717747, 50.916975369410132 ], [ 18.071483809715993, 50.917401052873011 ], [ 18.070417941841473, 50.917829396496153 ], [ 18.069186361156053, 50.918324236026663 ], [ 18.068388435353004, 50.918644950993837 ], [ 18.067330115078221, 50.91907017826199 ], [ 18.067429257698908, 50.919428544009826 ], [ 18.067508631580722, 50.919715147050802 ], [ 18.067809123627406, 50.920801332381117 ], [ 18.067981938687467, 50.921426014683504 ], [ 18.067990434624573, 50.921456667420003 ], [ 18.068205949306417, 50.921454429457562 ], [ 18.068569727580684, 50.921553584513539 ], [ 18.068667541402338, 50.92159430506225 ], [ 18.068729740484699, 50.921643916950302 ], [ 18.068769423636496, 50.921652239503203 ], [ 18.068836827141055, 50.921626510015983 ], [ 18.068901447191067, 50.921647535225802 ], [ 18.068967922056181, 50.921661198827287 ], [ 18.068952943238159, 50.921556011201652 ], [ 18.068315184672333, 50.921372182129168 ], [ 18.068601019383738, 50.920941506049054 ], [ 18.069708198623129, 50.921307726552001 ], [ 18.070365651701639, 50.921167684611554 ], [ 18.071554360240821, 50.920770723364861 ], [ 18.071720551189326, 50.920722389240026 ], [ 18.071814005631119, 50.920946492037324 ], [ 18.072190324055644, 50.920887593496758 ], [ 18.072243960989649, 50.921117406556753 ], [ 18.07252012912658, 50.921063648206484 ], [ 18.072980981538638, 50.920854473034602 ], [ 18.073182084230879, 50.92077519940657 ], [ 18.073461676754597, 50.920928633825667 ], [ 18.075086273217089, 50.920158000837311 ], [ 18.075350804045446, 50.920252930227967 ], [ 18.075937666899435, 50.920269450401896 ], [ 18.076043903308374, 50.920589273758516 ], [ 18.076119156889181, 50.920590858748817 ], [ 18.076000190911589, 50.920698133960578 ], [ 18.075831227785265, 50.9208507107817 ], [ 18.075960533017671, 50.920882498992242 ], [ 18.075958786058052, 50.920891660639377 ], [ 18.075876372183423, 50.921323335051071 ], [ 18.075875733511442, 50.921326838264868 ], [ 18.075890848914259, 50.921325338696512 ], [ 18.07589940446605, 50.921324506853459 ], [ 18.076472792983463, 50.921267513881531 ], [ 18.07666386311071, 50.92160860740227 ], [ 18.07665051915993, 50.92161407912586 ], [ 18.076273315599988, 50.921767978146903 ], [ 18.076234415102515, 50.921770369056915 ], [ 18.075462521341915, 50.921818322922434 ], [ 18.074481629712803, 50.921934420785263 ], [ 18.074464342133293, 50.92193779202114 ], [ 18.074129459981503, 50.922002513768696 ], [ 18.073819020547045, 50.922061851198251 ], [ 18.072865696040097, 50.922244091631853 ], [ 18.072729117176429, 50.922270263609612 ], [ 18.071964238227402, 50.922329854356022 ], [ 18.071718710686401, 50.922273839290142 ], [ 18.071712193602703, 50.922272348187803 ], [ 18.071632713317079, 50.922254174924667 ], [ 18.071578451181374, 50.922241779378609 ], [ 18.071436137342872, 50.922320078501265 ], [ 18.071423917500336, 50.922333384707166 ], [ 18.070803835530423, 50.922418587230013 ], [ 18.07125269584261, 50.922512563816333 ], [ 18.071268102701829, 50.922503600847776 ], [ 18.071246908833391, 50.92253158837508 ], [ 18.071214465995819, 50.922574149183539 ], [ 18.071145873223838, 50.922580979900133 ], [ 18.070880194737022, 50.922607741845454 ], [ 18.070227130305074, 50.922669470305955 ], [ 18.069998089410849, 50.922707406614734 ], [ 18.069624924818228, 50.922778557212226 ], [ 18.069622760518509, 50.922744356831977 ], [ 18.069110143640778, 50.922899852363599 ], [ 18.069048644223145, 50.922943440293913 ], [ 18.068558797219652, 50.923291260151522 ], [ 18.06794350653249, 50.923726952813297 ], [ 18.069116953508289, 50.923528516483962 ], [ 18.069167763254661, 50.923564184149292 ], [ 18.069442323730247, 50.923499175785764 ], [ 18.069503813200207, 50.923484643233209 ], [ 18.070897050930732, 50.923154806081193 ], [ 18.070921931324023, 50.923148977031687 ], [ 18.071890712720222, 50.922935120963174 ], [ 18.072913089041581, 50.922709538420335 ], [ 18.072929386281956, 50.922705889683627 ], [ 18.074303500348488, 50.922397809290352 ], [ 18.074467459436608, 50.922361687527548 ], [ 18.074997994256609, 50.922184181395686 ], [ 18.075022350807643, 50.922176008478637 ], [ 18.075100040976949, 50.922162500880596 ], [ 18.075897227976405, 50.922037837548629 ], [ 18.076036077404368, 50.922019056196653 ], [ 18.076049010461126, 50.922019968138969 ], [ 18.076085248275781, 50.922022683689832 ], [ 18.076141525134542, 50.922026817165616 ], [ 18.076167791227636, 50.922037189971697 ], [ 18.076242489656465, 50.922066926584399 ], [ 18.076356967841914, 50.922085823340339 ], [ 18.076552589508573, 50.922118045500774 ], [ 18.076578939709169, 50.922109798071553 ], [ 18.076616318060488, 50.922098039627066 ], [ 18.076627344438432, 50.922094618558276 ], [ 18.076650948353358, 50.922081311881506 ], [ 18.076814736384655, 50.921988963230561 ], [ 18.077020901759006, 50.921891102230255 ], [ 18.077075850015241, 50.921876064212363 ], [ 18.077234556107033, 50.9218534803437 ], [ 18.077262545997975, 50.921848664031522 ], [ 18.077669243666673, 50.92177928319915 ], [ 18.07837939423225, 50.921657963388618 ], [ 18.078892287985042, 50.921587077637483 ], [ 18.079791330153306, 50.921492516751094 ], [ 18.080505062727891, 50.921434451035537 ], [ 18.080628819073475, 50.92143029808522 ], [ 18.081657975566387, 50.921456478153985 ], [ 18.082459674822999, 50.921484370215381 ], [ 18.082501204120579, 50.921485776023331 ], [ 18.082616136311636, 50.921481641582297 ], [ 18.083730602149924, 50.921403405512919 ], [ 18.084202474335743, 50.921348186629992 ], [ 18.086088379820477, 50.921098583835217 ], [ 18.086111776157104, 50.921095708471945 ], [ 18.086832376018396, 50.921005993502277 ], [ 18.08717485308787, 50.920980965148644 ], [ 18.087185685105375, 50.920980150276357 ], [ 18.087188671539788, 50.920980263579274 ], [ 18.087323011832968, 50.920987880501869 ], [ 18.088245913954715, 50.921039978667018 ], [ 18.088799703940136, 50.92114748076056 ], [ 18.089528415137352, 50.921261741670961 ], [ 18.089618794347917, 50.921275939719621 ], [ 18.08987124113434, 50.921262615322753 ], [ 18.089884776796207, 50.921261821274356 ], [ 18.09010203424479, 50.921250381016648 ], [ 18.09052828866395, 50.921227794769273 ], [ 18.090756943502797, 50.921215722425003 ], [ 18.091670709708882, 50.921167331980044 ], [ 18.091699059831111, 50.921165843368165 ], [ 18.091699059775348, 50.921165843159763 ], [ 18.091699059826237, 50.921165843157063 ], [ 18.091755833104781, 50.921163182176976 ], [ 18.091756025399043, 50.921163857698495 ], [ 18.092372837900442, 50.921134111120772 ], [ 18.09407185193227, 50.921051863028026 ], [ 18.095144646450134, 50.921000001487776 ], [ 18.095443935124091, 50.920985498803084 ], [ 18.095687667438511, 50.920973713524205 ], [ 18.095703906536496, 50.920972939739642 ], [ 18.096537524494412, 50.920932616147034 ], [ 18.097020144701656, 50.920909272919204 ], [ 18.097084674036438, 50.920906173723957 ], [ 18.097094218255574, 50.920905707796251 ], [ 18.09745505919711, 50.920659410808945 ], [ 18.09744654241527, 50.920658265508948 ], [ 18.097444982397441, 50.92065798358356 ], [ 18.096513378298344, 50.920526010311562 ], [ 18.095498328964013, 50.920382138757901 ], [ 18.095359101857174, 50.920362349383126 ], [ 18.095202065524731, 50.920343591258096 ], [ 18.095150182536148, 50.920340400574368 ], [ 18.094649684444192, 50.920309893990016 ], [ 18.094587849737685, 50.920306176113272 ], [ 18.094389623104391, 50.920290605744064 ], [ 18.094451939624541, 50.920181523230028 ], [ 18.093917792781212, 50.919604812378282 ], [ 18.09368585015163, 50.91935437509666 ], [ 18.093001888556529, 50.918615656386883 ], [ 18.092889823685592, 50.918494695123321 ], [ 18.092625824400869, 50.918217469711188 ], [ 18.092198101047185, 50.917768505015403 ], [ 18.092160028965896, 50.917728538586431 ], [ 18.091489961638672, 50.917009529043177 ], [ 18.091461250337403, 50.916978540819251 ], [ 18.091443130129178, 50.916959059364288 ], [ 18.091344447234281, 50.916860149860028 ], [ 18.091307047549822, 50.916851492923143 ], [ 18.09105884617588, 50.9167942382769 ], [ 18.091021698238549, 50.916758056795011 ], [ 18.090998933805089, 50.916735930400947 ], [ 18.090959286481908, 50.91674038937073 ], [ 18.090836639872087, 50.916754007218962 ], [ 18.090641946315522, 50.916828143678487 ], [ 18.090619664353355, 50.916832377958727 ], [ 18.090587524574591, 50.916838604432215 ], [ 18.090473919068955, 50.91686290708094 ], [ 18.089677946531797, 50.917034006321366 ], [ 18.088902846997879, 50.917199865689859 ], [ 18.088708484203128, 50.91720581516649 ], [ 18.088705067641872, 50.917205878455796 ], [ 18.08870407692763, 50.917205600856427 ], [ 18.088678920875555, 50.917196678816431 ], [ 18.088589175275292, 50.917165033567493 ], [ 18.088570662659013, 50.917158412252682 ], [ 18.088484240270372, 50.91718247538369 ], [ 18.088336720021896, 50.917223602746965 ], [ 18.088021389789549, 50.917222669412318 ], [ 18.087610028754757, 50.917220445108541 ], [ 18.0875509793355, 50.917220073613372 ], [ 18.086156796123507, 50.917242813275493 ], [ 18.085636332232387, 50.917129352489795 ], [ 18.085408175479696, 50.917073412215331 ], [ 18.084948704539787, 50.916992000534563 ], [ 18.084940763168152, 50.916990588961689 ], [ 18.084889004597926, 50.916814410007674 ], [ 18.084820286354653, 50.916581515997407 ], [ 18.084736507347756, 50.916296689427497 ], [ 18.084649391151824, 50.916000682118515 ], [ 18.084483829441339, 50.91543833065171 ], [ 18.084358686138373, 50.915013658162778 ], [ 18.084216209059239, 50.914529748672194 ], [ 18.083940327138869, 50.913593124875682 ], [ 18.083926854650763, 50.913547321682266 ], [ 18.083909572356212, 50.9135868565374 ], [ 18.083889459714626, 50.913632845990627 ], [ 18.083844844250009, 50.913897685252969 ], [ 18.083694285357968, 50.913948947903677 ], [ 18.083190523330664, 50.914312911947412 ], [ 18.083241990936642, 50.914836588220446 ], [ 18.082981565953176, 50.9150185923788 ], [ 18.08275573033179, 50.915265096042539 ], [ 18.082702798420737, 50.915395205858445 ], [ 18.083089591469058, 50.915531648315799 ], [ 18.083142893673536, 50.915643342044554 ], [ 18.083169050061844, 50.915804028328381 ], [ 18.083085846802067, 50.915874259997338 ], [ 18.082789347286209, 50.915900357126901 ], [ 18.082761482592097, 50.916014831681991 ], [ 18.082549260485038, 50.91643712524813 ], [ 18.082518751453001, 50.916497875438431 ], [ 18.082466101501485, 50.916541180144065 ], [ 18.082397977029053, 50.916322142500206 ], [ 18.082231383728175, 50.915661638068727 ], [ 18.082180687165305, 50.915460998251184 ], [ 18.081828554069862, 50.915508604769343 ], [ 18.08170136126833, 50.915066371899769 ], [ 18.081573886274416, 50.914624136632575 ], [ 18.081696847373394, 50.914601625379746 ], [ 18.081600305277806, 50.914272347866984 ], [ 18.081586432865009, 50.914225281877684 ], [ 18.081465253733686, 50.914236832438711 ], [ 18.081485323115945, 50.914316061373853 ], [ 18.08118989813757, 50.914540964938205 ], [ 18.081331776528497, 50.915046462855798 ], [ 18.080965459353639, 50.91509908263577 ], [ 18.081276621532954, 50.916228765951224 ], [ 18.081509305865783, 50.917073481072961 ], [ 18.081394312726065, 50.917175215790834 ], [ 18.081302785292223, 50.917342712696943 ] ] ], [ [ [ 18.010843586090846, 50.9328164373551 ], [ 18.009204254140116, 50.933371959149554 ], [ 18.007528317058995, 50.93393992059422 ], [ 18.007577840895955, 50.934114585855419 ], [ 18.00812380089323, 50.936040949631405 ], [ 18.008127383787333, 50.936053214046794 ], [ 18.008203520711032, 50.936322198728334 ], [ 18.008210011243275, 50.936345012658329 ], [ 18.008260135058102, 50.936525169941234 ], [ 18.008265280312081, 50.936524224126224 ], [ 18.008850263894619, 50.936456956398452 ], [ 18.010754409358793, 50.937556439753962 ], [ 18.011339136436174, 50.93782436001986 ], [ 18.012159154644131, 50.939719891735855 ], [ 18.012579117975182, 50.940790587596403 ], [ 18.011768215270905, 50.941209847996497 ], [ 18.011391266033971, 50.941340781302294 ], [ 18.011095068865909, 50.941443701404687 ], [ 18.011086001861784, 50.941528812623453 ], [ 18.011038728301052, 50.941971893623482 ], [ 18.01153844943137, 50.942342963676197 ], [ 18.01219090440712, 50.942367105359388 ], [ 18.011871796667368, 50.942825158363462 ], [ 18.014312298865722, 50.942553967374756 ], [ 18.014375238411038, 50.942546942340201 ], [ 18.014416197789753, 50.942542430433754 ], [ 18.014418040563708, 50.942549552480131 ], [ 18.014740144402502, 50.942514309258563 ], [ 18.014779533982313, 50.942509963891581 ], [ 18.015763542270051, 50.942402128841564 ], [ 18.015792228272982, 50.94239895229866 ], [ 18.016781654839662, 50.94229052465608 ], [ 18.016795782341497, 50.942289024401852 ], [ 18.017245183696868, 50.942239733443046 ], [ 18.017675745636847, 50.942192531172786 ], [ 18.018289120307887, 50.942125274962194 ], [ 18.01877676479878, 50.942071801827574 ], [ 18.01880487719054, 50.942068799636942 ], [ 18.018801038514074, 50.942055004176581 ], [ 18.018799982963984, 50.942051037261152 ], [ 18.018793756052069, 50.942028945818592 ], [ 18.01837702789139, 50.940520126334121 ], [ 18.018311017398769, 50.940281009106243 ], [ 18.018289856886597, 50.94020409906409 ], [ 18.01806774882186, 50.939399827349497 ], [ 18.018026338716098, 50.939250152764558 ], [ 18.018006359835837, 50.939178020240881 ], [ 18.017730691515261, 50.938179622759755 ], [ 18.017411781632632, 50.937024607559977 ], [ 18.017334007276578, 50.936742931539357 ], [ 18.017052407477266, 50.935723342462467 ], [ 18.016948586610877, 50.935360576673922 ], [ 18.015890606677559, 50.935479672176378 ], [ 18.015785152469384, 50.935491467155259 ], [ 18.015779159332748, 50.935471896251521 ], [ 18.015722886094366, 50.935197326861854 ], [ 18.015721208515473, 50.935189126750863 ], [ 18.016054770961226, 50.935046929286869 ], [ 18.015903466611469, 50.934465709697569 ], [ 18.015915274608197, 50.93445933239736 ], [ 18.016367018201624, 50.934214500950354 ], [ 18.016147306327579, 50.934095617562804 ], [ 18.015822698754729, 50.933753209255094 ], [ 18.015780409940664, 50.933450151746612 ], [ 18.015990755550526, 50.933250423626674 ], [ 18.015918885237053, 50.93317533459966 ], [ 18.01615848419836, 50.933154324910973 ], [ 18.01615344384776, 50.9331368310283 ], [ 18.015905178547872, 50.933069341167418 ], [ 18.015733710296995, 50.933052603487653 ], [ 18.015441146435634, 50.933067318611393 ], [ 18.01505617150768, 50.933062902584041 ], [ 18.014863391228829, 50.933219418554572 ], [ 18.014592822950981, 50.932314519449221 ], [ 18.014461857076725, 50.932334823634818 ], [ 18.01440131668468, 50.932343488142642 ], [ 18.014318929946121, 50.932355296573263 ], [ 18.014301362925508, 50.932358026868272 ], [ 18.013741463991238, 50.932446853175172 ], [ 18.013629483952613, 50.932464618112782 ], [ 18.012649501906889, 50.932586951693253 ], [ 18.012460242556141, 50.93261053886048 ], [ 18.010863085782688, 50.93280985585227 ], [ 18.010843586090846, 50.9328164373551 ] ] ] ] } },
{ "type": "Feature", "properties": { "name": "Lubsza" }, "geometry": { "type": "Polygon", "coordinates": [ [ [ 17.566352927977491, 50.930697668326829 ], [ 17.56644116016481, 50.9308929728302 ], [ 17.566713719076418, 50.931501112272898 ], [ 17.566917132842978, 50.931663555976911 ], [ 17.567190160946634, 50.931881548592472 ], [ 17.567962416864443, 50.932684099829508 ], [ 17.568783854946737, 50.933550219773004 ], [ 17.568934082662235, 50.93371596605818 ], [ 17.568949039661426, 50.933701755978085 ], [ 17.569442133741596, 50.933211406109322 ], [ 17.570045134307847, 50.932479151737638 ], [ 17.570396281910131, 50.932058216681099 ], [ 17.57092023577691, 50.931507426289912 ], [ 17.570928474732202, 50.931498711172758 ], [ 17.571559400101375, 50.93084316577356 ], [ 17.572335500446901, 50.930025037527322 ], [ 17.572846531554212, 50.929639154876 ], [ 17.573291578912446, 50.929302031006443 ], [ 17.573706698949042, 50.928912967930572 ], [ 17.573138015198111, 50.928762419154012 ], [ 17.572382130698344, 50.928626128775342 ], [ 17.570774300219465, 50.928385205601053 ], [ 17.568406264961691, 50.928071892337108 ], [ 17.567738786638436, 50.929096767591737 ], [ 17.567346049575509, 50.929750087979968 ], [ 17.566349960488477, 50.930363614723504 ], [ 17.56608531948832, 50.930525979070829 ], [ 17.56601662140206, 50.930579650395593 ], [ 17.566352927977491, 50.930697668326829 ] ] ] } },
{ "type": "Feature", "properties": { "name": "Barucice" }, "geometry": { "type": "MultiPolygon", "coordinates": [ [ [ [ 17.553314010709869, 50.951674831389013 ], [ 17.548701670093241, 50.949765643057034 ], [ 17.545335537646878, 50.953031228486829 ], [ 17.544588208982105, 50.952150122296068 ], [ 17.544457489094125, 50.951885093891924 ], [ 17.544442072697887, 50.951854315768692 ], [ 17.543779379606605, 50.951786860637135 ], [ 17.543283525985135, 50.951913095218934 ], [ 17.542613682691904, 50.951937661999288 ], [ 17.542398525717093, 50.951986612823703 ], [ 17.542296464287553, 50.95217614125243 ], [ 17.542193235090881, 50.952557716869876 ], [ 17.541893100500381, 50.952309281851434 ], [ 17.541653667466502, 50.952473974930214 ], [ 17.541701685008228, 50.952682559156486 ], [ 17.541834466229759, 50.952703828295625 ], [ 17.541859755731927, 50.95288325188708 ], [ 17.542601477331669, 50.952901507240576 ], [ 17.542643215113184, 50.952937651792851 ], [ 17.542354246883743, 50.953146977302495 ], [ 17.542332663169717, 50.953408937497223 ], [ 17.541488318006913, 50.953529464446717 ], [ 17.541314245819475, 50.953653322291352 ], [ 17.541464002831646, 50.953883058287545 ], [ 17.54146413675322, 50.953883329836337 ], [ 17.542046205680993, 50.953751792298078 ], [ 17.542018077324173, 50.954154546020824 ], [ 17.541853677712936, 50.95429696695939 ], [ 17.541844453500286, 50.954409659976626 ], [ 17.541449530711422, 50.954540925393395 ], [ 17.541357073891568, 50.954541659675108 ], [ 17.541244708172371, 50.954696064505043 ], [ 17.542631437676611, 50.955239997448977 ], [ 17.542935497559796, 50.955359234816186 ], [ 17.542954207380763, 50.955366548913254 ], [ 17.546479011087495, 50.956817878597974 ], [ 17.547433306771314, 50.957210637564913 ], [ 17.547595874086419, 50.957277519745737 ], [ 17.547610237132478, 50.957283547492068 ], [ 17.553314010709869, 50.951674831389013 ] ] ], [ [ [ 17.542889126413776, 50.955404211280396 ], [ 17.541058106795631, 50.954683232444076 ], [ 17.540590779713778, 50.955147852567151 ], [ 17.540054026450193, 50.955246124996272 ], [ 17.539800732284245, 50.955247995674391 ], [ 17.539660226293666, 50.955363904625088 ], [ 17.539635703381169, 50.955441951972624 ], [ 17.539571421800989, 50.955475242409733 ], [ 17.539014898680232, 50.955395324526243 ], [ 17.538946697058027, 50.955385565318537 ], [ 17.538218458975226, 50.955313120640611 ], [ 17.5379566429467, 50.955196225104054 ], [ 17.537637964230473, 50.955157600651674 ], [ 17.537521855368915, 50.955199416715594 ], [ 17.537306492026307, 50.955127271199004 ], [ 17.537343317415807, 50.955020411708034 ], [ 17.537164776321966, 50.954996400756933 ], [ 17.536933145895251, 50.955229029721366 ], [ 17.535227737726057, 50.956906805030876 ], [ 17.534725265017698, 50.957401584744254 ], [ 17.533610314015906, 50.958499386370612 ], [ 17.532706968066211, 50.959376390635015 ], [ 17.535815749733896, 50.959811492013657 ], [ 17.536170821506985, 50.959942022250665 ], [ 17.536453962228769, 50.960003233681569 ], [ 17.536732185408038, 50.960106559018008 ], [ 17.536985268861685, 50.960316267786361 ], [ 17.537264712178168, 50.960443294131139 ], [ 17.537574031625464, 50.960523458457821 ], [ 17.53805235072733, 50.960647439885228 ], [ 17.53826994527665, 50.96075045948907 ], [ 17.53839440979144, 50.960811156142299 ], [ 17.538820708540847, 50.961208261563741 ], [ 17.539047252504982, 50.961291995690829 ], [ 17.53938113108881, 50.961487715590827 ], [ 17.539831942003794, 50.961838670972057 ], [ 17.541303523487148, 50.962965359383098 ], [ 17.541644628672593, 50.963156525566809 ], [ 17.542111617547977, 50.962696847724914 ], [ 17.541370666034133, 50.962272334938021 ], [ 17.54156994738047, 50.962113258234211 ], [ 17.542414417626023, 50.961201725950481 ], [ 17.542804986318878, 50.960929077910336 ], [ 17.543077459068584, 50.960624729204127 ], [ 17.543501955009436, 50.960150545069332 ], [ 17.543596861226586, 50.960044498076364 ], [ 17.543984882755861, 50.959697868376182 ], [ 17.544195155575625, 50.959510047542864 ], [ 17.544281758394295, 50.959432593273981 ], [ 17.544631716549013, 50.958890636612544 ], [ 17.544852149581068, 50.958723901575524 ], [ 17.545147275238516, 50.958500613140266 ], [ 17.545444543519338, 50.958610017563643 ], [ 17.545573778807064, 50.958832115731177 ], [ 17.546086714989489, 50.958783529311013 ], [ 17.547558488599311, 50.957334424960351 ], [ 17.542889126413776, 50.955404211280396 ] ] ] ] } },
{ "type": "Feature", "properties": { "name": "Rogalice" }, "geometry": { "type": "Polygon", "coordinates": [ [ [ 17.610206209381282, 50.982913610612329 ], [ 17.610871594121523, 50.983089279202311 ], [ 17.610972218986714, 50.983110640805826 ], [ 17.611020935717431, 50.983120935576466 ], [ 17.611051773483318, 50.983127477801361 ], [ 17.611062712134736, 50.983129798432593 ], [ 17.611432045174173, 50.983208134969395 ], [ 17.611594055154924, 50.983242445642823 ], [ 17.611656601458716, 50.983241960155524 ], [ 17.613755996301808, 50.983191126567696 ], [ 17.614604440457153, 50.983105577923034 ], [ 17.615194651638241, 50.983115404792692 ], [ 17.615624218826618, 50.982636469492448 ], [ 17.616861825867304, 50.98126812200146 ], [ 17.617403125477896, 50.980704738695493 ], [ 17.617604440281056, 50.980495091241167 ], [ 17.618652069584829, 50.979411801027048 ], [ 17.618378576900639, 50.979360168936267 ], [ 17.618238814725256, 50.978960722566811 ], [ 17.618786799635085, 50.978506710534617 ], [ 17.619301891002035, 50.977960280347126 ], [ 17.619423081798367, 50.977827365280028 ], [ 17.61734194458581, 50.976997569477412 ], [ 17.615734297751583, 50.978564444738097 ], [ 17.615586241447982, 50.978504171399145 ], [ 17.615516828098347, 50.978476001462425 ], [ 17.614474409514649, 50.978051633795282 ], [ 17.61422998536408, 50.978249339843423 ], [ 17.613208035840312, 50.97880772240898 ], [ 17.61263368537238, 50.978992151714699 ], [ 17.61209408919165, 50.978851973777701 ], [ 17.61106504549867, 50.979627681319791 ], [ 17.611364594776727, 50.98008103188964 ], [ 17.611151868562125, 50.980562385352442 ], [ 17.610862815582475, 50.980760003488854 ], [ 17.610796198523229, 50.98082910834632 ], [ 17.61051454000312, 50.981122618577992 ], [ 17.61048761686979, 50.981146137094072 ], [ 17.609975193236608, 50.981593786822209 ], [ 17.609995438726973, 50.981617326815311 ], [ 17.609965316689241, 50.981762250099344 ], [ 17.609800323033902, 50.981804185788498 ], [ 17.609736687767938, 50.981801989040029 ], [ 17.609085237824761, 50.98237104217948 ], [ 17.608967185555386, 50.982482533275061 ], [ 17.610037352313174, 50.982921727338287 ], [ 17.610206209381282, 50.982913610612329 ] ] ] } },
{ "type": "Feature", "properties": { "name": "Żaba" }, "geometry": { "type": "MultiPolygon", "coordinates": [ [ [ [ 17.645680793443162, 51.003472928600658 ], [ 17.641409897637253, 51.002129483182159 ], [ 17.641408174250166, 51.002129912925483 ], [ 17.641394666940652, 51.002133534039636 ], [ 17.640131454514059, 51.002466700656257 ], [ 17.639875894829185, 51.003634338536322 ], [ 17.63978577534472, 51.003751762879901 ], [ 17.639529031714346, 51.00408692226609 ], [ 17.639513593319464, 51.004107792455649 ], [ 17.639499342480992, 51.004127057244055 ], [ 17.639914663629838, 51.004458617820724 ], [ 17.639952352580057, 51.004817715871283 ], [ 17.64029704523767, 51.005310258115578 ], [ 17.645897851123969, 51.003789125343332 ], [ 17.645680793443162, 51.003472928600658 ] ] ], [ [ [ 17.638699921489849, 51.005768458757721 ], [ 17.638153558989767, 51.007360269846231 ], [ 17.638113023466619, 51.00748825611872 ], [ 17.637943684828205, 51.008021886774863 ], [ 17.637933393650403, 51.008076280818614 ], [ 17.63785382078412, 51.008495183021189 ], [ 17.637851287523596, 51.008508647054704 ], [ 17.637756861533468, 51.009006178430901 ], [ 17.637752979744601, 51.009026733350176 ], [ 17.638440097395378, 51.008837737369227 ], [ 17.638987778804434, 51.008686964023461 ], [ 17.640612396506938, 51.008239901612747 ], [ 17.641329680643327, 51.008388938725368 ], [ 17.641506184974165, 51.008121209947234 ], [ 17.642372503183783, 51.008004928778561 ], [ 17.642404039998365, 51.007838656859036 ], [ 17.642003514338008, 51.007672618679401 ], [ 17.641331097591369, 51.007515741456437 ], [ 17.641403414026396, 51.007358707720016 ], [ 17.641440256823703, 51.007278714502696 ], [ 17.641716648085364, 51.006978862794078 ], [ 17.64183351212052, 51.006946577519017 ], [ 17.642407187757076, 51.00678826415529 ], [ 17.642507556902931, 51.006759294850546 ], [ 17.642986675571269, 51.006621199700866 ], [ 17.643287597639567, 51.006560105583027 ], [ 17.643964042120153, 51.006309692511884 ], [ 17.644378212517729, 51.006212937701349 ], [ 17.64440909851875, 51.006165888696962 ], [ 17.644788090773979, 51.005857325000875 ], [ 17.645350407961782, 51.005466506234789 ], [ 17.64652516881111, 51.005651041099696 ], [ 17.647065132255243, 51.005488895995811 ], [ 17.647048304644819, 51.005464502649829 ], [ 17.646750255274494, 51.005030425775118 ], [ 17.645911936979303, 51.003809708886514 ], [ 17.64031147280355, 51.005330873874115 ], [ 17.638699921489849, 51.005768458757721 ] ] ] ] } },
{ "type": "Feature", "properties": { "name": "Krzywiczyny" }, "geometry": { "type": "Polygon", "coordinates": [ [ [ 18.040377074846802, 51.111303682409584 ], [ 18.04036705181225, 51.111325276781145 ], [ 18.041898150284037, 51.111606073833713 ], [ 18.043494174716756, 51.111898809148542 ], [ 18.043494654185139, 51.111898891595672 ], [ 18.043940775091528, 51.111980713585353 ], [ 18.043947609531219, 51.111965023345832 ], [ 18.043950222341895, 51.111959024463502 ], [ 18.044072371882013, 51.111679876051134 ], [ 18.044136467009071, 51.111533378896368 ], [ 18.044435084617106, 51.110850898856178 ], [ 18.044533581906165, 51.110625824855809 ], [ 18.044752691038553, 51.110125145089235 ], [ 18.045391676071961, 51.108664941833268 ], [ 18.045391824152734, 51.108664673813735 ], [ 18.045398184211564, 51.108647453982364 ], [ 18.04681707487347, 51.104967449689703 ], [ 18.046105466093657, 51.104838410606419 ], [ 18.043589423639165, 51.104382513865495 ], [ 18.04357678433167, 51.104380222992752 ], [ 18.043482184461865, 51.10458496038148 ], [ 18.043433348807948, 51.10469064070805 ], [ 18.042985043209015, 51.105660832182146 ], [ 18.042470281940577, 51.106774799129795 ], [ 18.042205092492484, 51.107348327645752 ], [ 18.041914753479187, 51.107976699218611 ], [ 18.041906824439309, 51.107993902270159 ], [ 18.040986692985303, 51.10998493608772 ], [ 18.040980118684331, 51.109998642734674 ], [ 18.04066475157056, 51.110681137544979 ], [ 18.040636691942861, 51.110741861402573 ], [ 18.040377074846802, 51.111303682409584 ] ] ] } },
{ "type": "Feature", "properties": { "name": "Zwierzyniec" }, "geometry": { "type": "MultiPolygon", "coordinates": [ [ [ [ 17.332358856601992, 50.946001975188437 ], [ 17.331585887887851, 50.94586309842812 ], [ 17.330667235127272, 50.945680841783087 ], [ 17.330744982482532, 50.945243664905739 ], [ 17.328471146122681, 50.944787149737643 ], [ 17.32766865907421, 50.944697932379611 ], [ 17.326945770541254, 50.944973741229383 ], [ 17.327626179947053, 50.946024424322331 ], [ 17.326928547225521, 50.946214952262594 ], [ 17.326448977465947, 50.946352556305797 ], [ 17.326189459686919, 50.946425572747714 ], [ 17.325803204369286, 50.946534195069724 ], [ 17.325473736523353, 50.946627797475323 ], [ 17.326250284695167, 50.946627236986309 ], [ 17.326672236140876, 50.946626987648884 ], [ 17.327442677491039, 50.946629930134804 ], [ 17.327707501681893, 50.946655044066908 ], [ 17.327830548557145, 50.946678576828845 ], [ 17.328708525699064, 50.946835804206586 ], [ 17.330728110943703, 50.947197369402289 ], [ 17.331793539960245, 50.947385680792152 ], [ 17.331820991657082, 50.947390571034852 ], [ 17.332386162002607, 50.946006953174084 ], [ 17.332358856601992, 50.946001975188437 ] ] ], [ [ [ 17.322694028654301, 50.946595725332074 ], [ 17.322616778206317, 50.946629250451124 ], [ 17.322810302146777, 50.946629331660311 ], [ 17.324722969657053, 50.946628182948707 ], [ 17.32512227428812, 50.946628064077615 ], [ 17.324596147071286, 50.945870063401884 ], [ 17.322694028654301, 50.946595725332074 ] ] ], [ [ [ 17.324256813933811, 50.945378776023752 ], [ 17.324208251680918, 50.945394721774669 ], [ 17.323965236709757, 50.945547405465234 ], [ 17.32360791498445, 50.945679105963102 ], [ 17.323206781324007, 50.945674875230644 ], [ 17.322972426593189, 50.945891463410227 ], [ 17.322629766085154, 50.946161641179792 ], [ 17.32249225661803, 50.946310529796726 ], [ 17.322375345922843, 50.946555702334237 ], [ 17.322340379222105, 50.946629057688725 ], [ 17.322364872973772, 50.946629049781826 ], [ 17.322431800563592, 50.946629111790728 ], [ 17.322616394921063, 50.946552868277408 ], [ 17.324549449325104, 50.945810379074771 ], [ 17.324256813933811, 50.945378776023752 ] ] ] ] } },
{ "type": "Feature", "properties": { "name": "Leśna Woda" }, "geometry": { "type": "Polygon", "coordinates": [ [ [ 17.439609542715605, 50.965461577068112 ], [ 17.439178418409082, 50.965314039674567 ], [ 17.439405041358732, 50.965042872098032 ], [ 17.439444313893119, 50.964687157640583 ], [ 17.437107310646478, 50.964347253484398 ], [ 17.436266399616013, 50.964397888396277 ], [ 17.436198650448176, 50.964769413282177 ], [ 17.436158936873358, 50.965006014554689 ], [ 17.436004308635379, 50.96584767330382 ], [ 17.435953595764055, 50.966119031422046 ], [ 17.435846656901216, 50.966690100899392 ], [ 17.435575637557118, 50.967993490864799 ], [ 17.437790594020331, 50.96847293840024 ], [ 17.437794130013188, 50.968473705376276 ], [ 17.437821145364595, 50.968479554279227 ], [ 17.439069658457949, 50.968749844103208 ], [ 17.440643090761672, 50.969090309681263 ], [ 17.440673215709229, 50.969096919115998 ], [ 17.441938066190691, 50.969378101385438 ], [ 17.442305082882413, 50.968819941905217 ], [ 17.442702814231207, 50.967296297396679 ], [ 17.441863536695973, 50.967151962715647 ], [ 17.44128858185988, 50.967053071305848 ], [ 17.439077883666894, 50.966672792090648 ], [ 17.439089155973381, 50.966646764575465 ], [ 17.439408577859599, 50.965919303865071 ], [ 17.439609542715605, 50.965461577068112 ] ] ] } },
{ "type": "Feature", "properties": { "name": "Łacha Jelcz" }, "geometry": { "type": "Polygon", "coordinates": [ [ [ 17.302452414984, 51.009239727521809 ], [ 17.302446225587442, 51.009245215099433 ], [ 17.302099821311486, 51.00955863914642 ], [ 17.302009275704574, 51.00964053606338 ], [ 17.301551237946139, 51.010054710283455 ], [ 17.301540329934561, 51.010064447287974 ], [ 17.301038224151895, 51.010509734656388 ], [ 17.300822318202158, 51.010701177872626 ], [ 17.300701135971906, 51.010774531737916 ], [ 17.300467959826811, 51.010915615332273 ], [ 17.300357424095139, 51.010982466695467 ], [ 17.299926726083108, 51.011147393267592 ], [ 17.300126143079019, 51.011227660953359 ], [ 17.301434369080571, 51.011723478808769 ], [ 17.304074717914055, 51.012758147938072 ], [ 17.305034318509616, 51.012453077246235 ], [ 17.306984669911035, 51.011844083493195 ], [ 17.30812848171027, 51.011154829322834 ], [ 17.308311127647048, 51.011135974061268 ], [ 17.310602344937006, 51.010899522391185 ], [ 17.311300468973037, 51.010630021167557 ], [ 17.311872015759803, 51.010555249124103 ], [ 17.312081916141153, 51.010535792280997 ], [ 17.312222290220564, 51.010538180369345 ], [ 17.312367826771528, 51.010543701509022 ], [ 17.312940494321978, 51.010606938966106 ], [ 17.313370790748291, 51.010538125992362 ], [ 17.313791099407812, 51.010469437146803 ], [ 17.313960331002075, 51.010379940821338 ], [ 17.314234179000795, 51.010232850361156 ], [ 17.314689684462142, 51.010176540929329 ], [ 17.315141019678826, 51.01013690212018 ], [ 17.315265763291922, 51.010125926964086 ], [ 17.315505728168567, 51.010067675056234 ], [ 17.315570824905091, 51.010057818557726 ], [ 17.315665478537227, 51.010019331153153 ], [ 17.315692747187796, 51.010093221575673 ], [ 17.315834257578622, 51.010028781502577 ], [ 17.315951343030303, 51.009953643753015 ], [ 17.316132366084606, 51.009912442841021 ], [ 17.31632311924907, 51.00990574657515 ], [ 17.316715880094261, 51.009900521716915 ], [ 17.317070690599401, 51.009895828319159 ], [ 17.317874997849668, 51.009894278916065 ], [ 17.318051949955382, 51.009878834903283 ], [ 17.318110193844497, 51.009877064671983 ], [ 17.318369886288288, 51.009868568870147 ], [ 17.318642082853653, 51.009829756068662 ], [ 17.319202046448819, 51.009743446578433 ], [ 17.319790469301072, 51.009611394345818 ], [ 17.320157924996138, 51.009528968213893 ], [ 17.32082795976488, 51.009355983144061 ], [ 17.321246064403855, 51.009245044700492 ], [ 17.321147626505951, 51.009100233968184 ], [ 17.321112554459685, 51.009048722662712 ], [ 17.321114811200385, 51.00902176713663 ], [ 17.321117028976143, 51.008995890568826 ], [ 17.321211068155829, 51.008982128828677 ], [ 17.321198915811234, 51.008856640082939 ], [ 17.321238958361704, 51.008731001851764 ], [ 17.321309676486663, 51.008545621282231 ], [ 17.32141728279603, 51.008373275170023 ], [ 17.321852593635384, 51.007690526980596 ], [ 17.322096156280825, 51.007322581424013 ], [ 17.322404470887363, 51.006914543599351 ], [ 17.322679662185138, 51.006562883993283 ], [ 17.322814793276681, 51.006382205707226 ], [ 17.322928794523207, 51.006229921109927 ], [ 17.323568295271631, 51.005375665663685 ], [ 17.322882010878736, 51.004977187532099 ], [ 17.322532918984518, 51.004555660486666 ], [ 17.322248866632712, 51.004212701942095 ], [ 17.321916140132664, 51.003914833032447 ], [ 17.321555236183144, 51.003591909234757 ], [ 17.321318602124428, 51.003452399381558 ], [ 17.32129724045031, 51.003439857835467 ], [ 17.319502522199766, 51.004203810039705 ], [ 17.319491088746101, 51.004208503387929 ], [ 17.319540386129482, 51.004209482484406 ], [ 17.319896589866634, 51.004216315628469 ], [ 17.319773084879294, 51.00450915799064 ], [ 17.319745112321804, 51.004872913473058 ], [ 17.319595125667814, 51.005121204373701 ], [ 17.319501080397604, 51.005494354644291 ], [ 17.319654657687671, 51.005833283999543 ], [ 17.319430331409261, 51.006347236438472 ], [ 17.319217799975206, 51.006858209546145 ], [ 17.318816889430131, 51.007420807010384 ], [ 17.318770313330667, 51.007462777670661 ], [ 17.318246152412751, 51.007829375782777 ], [ 17.317437531148911, 51.007947183604166 ], [ 17.316261545254875, 51.007983495185258 ], [ 17.314911040007505, 51.007877749656458 ], [ 17.314091746122664, 51.007739084489835 ], [ 17.312835328721185, 51.007763945255391 ], [ 17.312778717018638, 51.007764027179654 ], [ 17.312358310656258, 51.007765330867358 ], [ 17.311919118837963, 51.00742001565898 ], [ 17.311861764165617, 51.007220645120739 ], [ 17.308035592551914, 51.007230238740675 ], [ 17.306022670979495, 51.007229762465641 ], [ 17.305550856481897, 51.007241091306618 ], [ 17.305102418174165, 51.007311321415095 ], [ 17.304978226961342, 51.007330749952978 ], [ 17.304313797242703, 51.007583790086493 ], [ 17.303389692326999, 51.008431019633989 ], [ 17.303115989770181, 51.00866723734039 ], [ 17.302452414984, 51.009239727521809 ] ] ] } },
{ "type": "Feature", "properties": { "name": "Kozłowickie Grądy" }, "geometry": { "type": "MultiPolygon", "coordinates": [ [ [ [ 18.446694558912395, 50.961146914644651 ], [ 18.446667296635066, 50.960916522689843 ], [ 18.446576020615769, 50.960384820189638 ], [ 18.446562363561519, 50.960305263872797 ], [ 18.446549794342463, 50.960241395070334 ], [ 18.446530655651703, 50.960204970004632 ], [ 18.446205847234801, 50.959568301201053 ], [ 18.446124585977213, 50.959406527061873 ], [ 18.447166221682313, 50.958958811561686 ], [ 18.447147087236075, 50.958939723472163 ], [ 18.445868285261803, 50.95917249002018 ], [ 18.444001231874495, 50.959512277058494 ], [ 18.444398475168121, 50.960169118717481 ], [ 18.444549332047231, 50.960418377690942 ], [ 18.443601591009426, 50.960893678710541 ], [ 18.442931622947395, 50.961067963530375 ], [ 18.44232393594951, 50.961119845348954 ], [ 18.442152301102116, 50.961250537727153 ], [ 18.441860969485901, 50.961242579357361 ], [ 18.441947361554849, 50.960986624737544 ], [ 18.442068591981982, 50.960426253959682 ], [ 18.441898476132639, 50.960144966248855 ], [ 18.441955293208132, 50.959884552491125 ], [ 18.440977315302327, 50.959618310393829 ], [ 18.440929498710993, 50.959605289310993 ], [ 18.440885052857542, 50.959595048447802 ], [ 18.440223889842816, 50.959270778917585 ], [ 18.439212066950255, 50.959244159570112 ], [ 18.440287263174039, 50.961470150379476 ], [ 18.44149911082156, 50.961563653807005 ], [ 18.441793550796987, 50.961615220201672 ], [ 18.442433520445338, 50.961701706086174 ], [ 18.442668147376487, 50.961735337608815 ], [ 18.443922917021613, 50.961880254159311 ], [ 18.444086703852868, 50.961859224921746 ], [ 18.444256463015272, 50.961837543454067 ], [ 18.44434545424356, 50.961824978934729 ], [ 18.445228826332031, 50.961700433777317 ], [ 18.445482689232264, 50.961676272377744 ], [ 18.44615480789043, 50.961581292802997 ], [ 18.446571661760697, 50.961334640267339 ], [ 18.446705959324198, 50.96125214056385 ], [ 18.446694558912395, 50.961146914644651 ] ] ], [ [ [ 18.433952831287687, 50.963753444691534 ], [ 18.433934572099531, 50.963718750922126 ], [ 18.433930150475216, 50.963719601965693 ], [ 18.433568795695102, 50.963787564101104 ], [ 18.433524265126298, 50.963654217017599 ], [ 18.433460343175284, 50.963487313170091 ], [ 18.433499246067928, 50.963392331085757 ], [ 18.433485689508977, 50.963335774555915 ], [ 18.433373064268498, 50.963308422119177 ], [ 18.433283580771487, 50.963299082597473 ], [ 18.433189270571336, 50.963346929993079 ], [ 18.432951960739683, 50.963452103167846 ], [ 18.432748257053937, 50.963546374794731 ], [ 18.432726403995098, 50.963516134251989 ], [ 18.432645361182356, 50.963480388914562 ], [ 18.432391149347751, 50.963476185383186 ], [ 18.432194742283958, 50.963485935240335 ], [ 18.431858021852399, 50.96306403524968 ], [ 18.431300237638673, 50.962887170864626 ], [ 18.431136580971085, 50.962676422489103 ], [ 18.431132881933269, 50.962671689617885 ], [ 18.43124417014824, 50.962658705615077 ], [ 18.432313689795905, 50.962293365857654 ], [ 18.433029668440316, 50.961997199775304 ], [ 18.433204938709316, 50.961924632206802 ], [ 18.433260455250668, 50.96190932358175 ], [ 18.434144201122336, 50.961699368788729 ], [ 18.434254553970241, 50.961672259134211 ], [ 18.434986990115046, 50.961494504167383 ], [ 18.435235024129057, 50.961424988726151 ], [ 18.435355029845059, 50.961395145154604 ], [ 18.436624815355113, 50.961307879930899 ], [ 18.437244425530931, 50.961243802805065 ], [ 18.437353925085485, 50.961232245614276 ], [ 18.438172060307803, 50.961284106485905 ], [ 18.438258386261168, 50.961290794586837 ], [ 18.439285637842577, 50.961358224115052 ], [ 18.440010619325285, 50.961448718574772 ], [ 18.439014377932757, 50.959249802445605 ], [ 18.436022835324916, 50.959342541582757 ], [ 18.433446617697353, 50.959463815993878 ], [ 18.433068458446765, 50.959370918472018 ], [ 18.43217252511598, 50.959162596416384 ], [ 18.430806191531708, 50.958797670274251 ], [ 18.430267377566565, 50.959471437566165 ], [ 18.429416352963557, 50.960603314016701 ], [ 18.428263868575343, 50.962209659361086 ], [ 18.42823047403995, 50.962256222493657 ], [ 18.427737929336367, 50.962153246238316 ], [ 18.426688587642357, 50.962374297381935 ], [ 18.426051782305866, 50.962502785949646 ], [ 18.425655576379903, 50.96258273017893 ], [ 18.425591221633869, 50.962713881350538 ], [ 18.426486123001485, 50.962571703764915 ], [ 18.426502547417584, 50.962595837418718 ], [ 18.426755973128454, 50.962537917053695 ], [ 18.427232011774034, 50.962523860944387 ], [ 18.427343480546966, 50.962493607359384 ], [ 18.427384427372886, 50.962503615905973 ], [ 18.427435335811634, 50.96257534726243 ], [ 18.427404569998636, 50.96261995888198 ], [ 18.427419035790479, 50.962722658275247 ], [ 18.427462882952799, 50.962753961778375 ], [ 18.427635183318802, 50.962697774721626 ], [ 18.427841546294509, 50.962615032918329 ], [ 18.428020921474232, 50.962569786810462 ], [ 18.42816292394583, 50.962609180657012 ], [ 18.428238452177826, 50.962633535572898 ], [ 18.42832506194506, 50.962670974765125 ], [ 18.428452715415776, 50.962682462889781 ], [ 18.428509343098167, 50.96271030304338 ], [ 18.428702378092165, 50.962757240149749 ], [ 18.428768744453031, 50.962775964831621 ], [ 18.42883761850981, 50.96278874705969 ], [ 18.42891154598199, 50.962809241830314 ], [ 18.428943009015281, 50.962794113486893 ], [ 18.429003975303633, 50.962782922147404 ], [ 18.429104554953863, 50.962791452502692 ], [ 18.429154566512651, 50.962827317480624 ], [ 18.429372719877875, 50.962819323994552 ], [ 18.429504779110005, 50.962814523410906 ], [ 18.429846548020603, 50.962750607947939 ], [ 18.4299766319314, 50.962763164230623 ], [ 18.430015516591588, 50.962750165808956 ], [ 18.430376180693461, 50.962728520733485 ], [ 18.430453902355296, 50.962697399646252 ], [ 18.430471438239483, 50.962715674017552 ], [ 18.430521149178027, 50.96271890689075 ], [ 18.430572903361341, 50.962696781245462 ], [ 18.43062482096542, 50.962707737084621 ], [ 18.430653759709621, 50.962727587541671 ], [ 18.430665695410131, 50.96275013657165 ], [ 18.430689468241471, 50.962795048331245 ], [ 18.430988943691847, 50.962950151450194 ], [ 18.431370157337252, 50.963180489765186 ], [ 18.43197933130908, 50.963547225645719 ], [ 18.432593484802645, 50.964032181351328 ], [ 18.432675095271275, 50.964096663219635 ], [ 18.433976028796369, 50.963796206850382 ], [ 18.433952831287687, 50.963753444691534 ] ] ] ] } },
{ "type": "Feature", "properties": { "name": "Kania" }, "geometry": { "type": "Polygon", "coordinates": [ [ [ 18.293111605904976, 51.138925800058082 ], [ 18.293644635509587, 51.139284617728386 ], [ 18.293942606055033, 51.13954347968194 ], [ 18.294041541814508, 51.139637684981878 ], [ 18.294619521987688, 51.140115822763306 ], [ 18.294758906266182, 51.140262695476224 ], [ 18.294987626183325, 51.140437996610594 ], [ 18.295241714812839, 51.14068829493128 ], [ 18.295320705906633, 51.140987249794485 ], [ 18.295391572708393, 51.14107421534051 ], [ 18.296480344611851, 51.141080835261128 ], [ 18.296543873072281, 51.141081247802269 ], [ 18.296639622319478, 51.141081869515247 ], [ 18.297625586301084, 51.141109395323845 ], [ 18.298436732733066, 51.14059352064514 ], [ 18.298463201908657, 51.140551823237963 ], [ 18.298499275259253, 51.140508782408162 ], [ 18.29853335130159, 51.140413611571333 ], [ 18.298516740639243, 51.140351774389707 ], [ 18.298517507689784, 51.140312572026865 ], [ 18.298535225313103, 51.14026637616945 ], [ 18.298656750612551, 51.140137546167388 ], [ 18.29880287449307, 51.140053031867431 ], [ 18.298932726458993, 51.140002349734139 ], [ 18.29963592398444, 51.13970467468345 ], [ 18.299985042072628, 51.139534308621933 ], [ 18.300054386020268, 51.139547536591024 ], [ 18.300266939469772, 51.139603347183723 ], [ 18.300514979098431, 51.139738314978715 ], [ 18.301017736996261, 51.139832687626566 ], [ 18.301123081207706, 51.139821269249964 ], [ 18.30134338925977, 51.139789809075772 ], [ 18.301830465740771, 51.139585610347353 ], [ 18.302003681035298, 51.139539306201378 ], [ 18.30223562296537, 51.139478882758247 ], [ 18.302344829380505, 51.139513327084074 ], [ 18.302480514278955, 51.139473488869491 ], [ 18.302755442251275, 51.13935262525284 ], [ 18.302875022926081, 51.139181278018249 ], [ 18.302914090427908, 51.139101745194054 ], [ 18.302929796198963, 51.138887970539948 ], [ 18.302950561550244, 51.138422539669229 ], [ 18.302959387415864, 51.13831890335814 ], [ 18.302848377178091, 51.138279914200837 ], [ 18.302796571935975, 51.138213067601413 ], [ 18.302799864801308, 51.138123826849302 ], [ 18.302885785167391, 51.138007106320785 ], [ 18.302985877044708, 51.137922086348446 ], [ 18.303001759603429, 51.137687688335582 ], [ 18.303017957838655, 51.137437878735071 ], [ 18.302943473606675, 51.137337563825263 ], [ 18.302937264472479, 51.137222778962283 ], [ 18.303041441776319, 51.137129423202623 ], [ 18.304047204618509, 51.136358265709617 ], [ 18.304094035937979, 51.136223817907869 ], [ 18.304125351970022, 51.136136887382037 ], [ 18.304180444675332, 51.136053678162185 ], [ 18.304284045951999, 51.136004926751042 ], [ 18.304389368657013, 51.136004802624598 ], [ 18.304458963861325, 51.136019087355933 ], [ 18.304470686262423, 51.13602150451932 ], [ 18.304506576063808, 51.135995586459352 ], [ 18.304897700416369, 51.135713239368542 ], [ 18.304966886985959, 51.135668792724786 ], [ 18.304990373147334, 51.13545999731663 ], [ 18.305104240940089, 51.135350119385954 ], [ 18.305110103356252, 51.135349727966151 ], [ 18.3051311, 51.1352995 ], [ 18.306643828885907, 51.135094086739549 ], [ 18.306711765235573, 51.13507078565334 ], [ 18.306783105838022, 51.134985659236108 ], [ 18.306889185634567, 51.134946330627187 ], [ 18.30702219579134, 51.134939058557926 ], [ 18.307166905361807, 51.134958650788505 ], [ 18.307670238705953, 51.134954710682365 ], [ 18.309890332537954, 51.134653244427049 ], [ 18.309905358729686, 51.134630686991471 ], [ 18.310004944323236, 51.134586657971191 ], [ 18.310122577992868, 51.134570138414524 ], [ 18.310245995507334, 51.134595431917262 ], [ 18.310254834525796, 51.1346037487491 ], [ 18.311311870652577, 51.134460213949673 ], [ 18.311370093876882, 51.13444179581434 ], [ 18.311452152294866, 51.134391989691444 ], [ 18.311573877038342, 51.134309190644217 ], [ 18.311617840408246, 51.13427613762947 ], [ 18.311703439392158, 51.134265472976814 ], [ 18.31181238209534, 51.134246371152578 ], [ 18.311878981772843, 51.134245433868145 ], [ 18.311932979209811, 51.134252782513585 ], [ 18.312085595575503, 51.134286885174134 ], [ 18.312137077547902, 51.134306315911786 ], [ 18.312323727760727, 51.134322814003369 ], [ 18.312531488577374, 51.134294602188852 ], [ 18.312744157493327, 51.134128955760083 ], [ 18.312857698596879, 51.133968287672815 ], [ 18.31300958777322, 51.133888035939329 ], [ 18.313327131211356, 51.133896766775592 ], [ 18.313806678854913, 51.133999943739198 ], [ 18.314054625774535, 51.134029071212709 ], [ 18.314961352777281, 51.133892515771656 ], [ 18.314966180124269, 51.133846027484083 ], [ 18.314854573875074, 51.133402070969417 ], [ 18.314812543438645, 51.132915137433137 ], [ 18.31460689927771, 51.131036812106217 ], [ 18.314491224953851, 51.130307901303652 ], [ 18.313428668372051, 51.130540653766928 ], [ 18.309969296257151, 51.131319471278516 ], [ 18.310023266452919, 51.131402606202464 ], [ 18.30682254988881, 51.132132105353946 ], [ 18.3061748062924, 51.132252457664315 ], [ 18.306174801478043, 51.132252450388258 ], [ 18.306174783950215, 51.13225245364589 ], [ 18.305252781695788, 51.132454497925956 ], [ 18.304840546635972, 51.132544788177839 ], [ 18.304249730466914, 51.132674222985223 ], [ 18.303254702222176, 51.13289218822306 ], [ 18.302983316027412, 51.132951648086824 ], [ 18.30269571988925, 51.133014698679688 ], [ 18.302595169627086, 51.133036676915282 ], [ 18.302551707098768, 51.133046222430757 ], [ 18.302546112950903, 51.133047448388687 ], [ 18.302474725643226, 51.133063023977883 ], [ 18.302474681002483, 51.133063033717768 ], [ 18.302425536841209, 51.133089096348257 ], [ 18.300801683739653, 51.133650410622572 ], [ 18.300465253132593, 51.13359541745799 ], [ 18.299830404190114, 51.133505624996133 ], [ 18.299569398911206, 51.133492638304276 ], [ 18.299341227074244, 51.133492350976248 ], [ 18.298627019013654, 51.133620658308573 ], [ 18.298056342918862, 51.133617234540047 ], [ 18.2979693819285, 51.133647925695016 ], [ 18.296556865160166, 51.134146134295861 ], [ 18.296401221951399, 51.134218058638957 ], [ 18.297097703331211, 51.136173014132055 ], [ 18.297051163139834, 51.136182138844454 ], [ 18.296848732884044, 51.135602554804592 ], [ 18.296737593540101, 51.135390253765436 ], [ 18.295955484416751, 51.135774824782061 ], [ 18.295578173397178, 51.135446137221244 ], [ 18.295544839228786, 51.135417095767608 ], [ 18.295035761329732, 51.135804281812078 ], [ 18.293856929163553, 51.136626558980524 ], [ 18.294302740101955, 51.137009555499986 ], [ 18.293644155462996, 51.137434971511603 ], [ 18.292769392225154, 51.138000081114058 ], [ 18.292314806025516, 51.138286092414639 ], [ 18.293111605904976, 51.138925800058082 ] ] ] } },
{ "type": "Feature", "properties": { "name": "Komorzno" }, "geometry": { "type": "Polygon", "coordinates": [ [ [ 18.042051132603358, 51.123345738633546 ], [ 18.042679765673238, 51.123627832386731 ], [ 18.042322178175407, 51.124185219989222 ], [ 18.042978270453247, 51.12430312473154 ], [ 18.04336116195077, 51.124402506602181 ], [ 18.044679672542447, 51.124401499214848 ], [ 18.045229147816116, 51.124581216678976 ], [ 18.045254994744155, 51.124589612979548 ], [ 18.045664323557514, 51.123725360130081 ], [ 18.045641447721867, 51.123712074757499 ], [ 18.045287173965701, 51.123506297327275 ], [ 18.044541376787343, 51.123073042454038 ], [ 18.043667540081891, 51.122565389793301 ], [ 18.0435881711566, 51.122352719958521 ], [ 18.043193652419109, 51.122280559031189 ], [ 18.043153152261546, 51.122273152932458 ], [ 18.04292224711811, 51.122414541181762 ], [ 18.04167621354776, 51.123177495413124 ], [ 18.041708051305466, 51.123191782349089 ], [ 18.042051132603358, 51.123345738633546 ] ] ] } }
]
}
